id,created_at,side,instrument_type,underlying,price,qty,trade_type,status,liquidation_trigger_price
7c8d2766-dae8-4a34-82ba-9f7798456a55,2026-08-27T15:48:00.203Z,sell,perpetual_rwa_future,CRWD,220.499000000000,45.318700000000,trade,confirmed,
1c68455b-bc60-4744-bf80-b3a0671c427f,2026-08-27T15:48:09.180Z,sell,perpetual_rwa_future,CRWD,220.684000000000,22.659000000000,trade,confirmed,
41edc5ed-424d-445f-b9e4-24caf9e6aabc,2026-08-27T17:04:15.959Z,sell,perpetual_future,ENA,0.165500000000,60313.600000000000,trade,confirmed,
df12d8dc-2694-4fa4-9394-802202048517,2026-08-27T17:06:20.029Z,buy,perpetual_rwa_future,CRWD,224.710000000000,44.501800000000,trade,confirmed,
f43d4ad4-17e2-471b-b960-0e5c2e4a0fc5,2026-08-28T01:33:12.837Z,sell,perpetual_future,ENA,0.189100000000,70000.000000000000,trade,confirmed,
25571805-7f7d-46b8-af02-57cdfb63aead,2026-08-27T11:48:01.417305Z,buy,perpetual_future,ETH,2499.820000000000,44.000000000000,trade,confirmed,
162fb4c5-4219-4ec1-bf9a-a2767ae48c24,2026-08-27T11:54:58.435Z,buy,perpetual_rwa_future,XAU,4602.620000000000,10.864180000000,trade,confirmed,
ace6f82d-3368-4e75-8d9f-bae32b1f1076,2026-08-27T11:55:37.058Z,sell,perpetual_rwa_future,XAU,4600.320000000000,4.347520000000,trade,confirmed,
8a87942c-f9d3-478e-a91a-0032ce0b0a76,2026-08-27T13:21:08.301Z,buy,perpetual_future,BTC,79340.780000000000,1.000000000000,trade,confirmed,
2586b8b8-a646-4021-b716-09aec3e45580,2026-08-27T13:21:09.047Z,buy,perpetual_future,BTC,79341.450000000000,1.000000000000,trade,confirmed,
aeccd626-081d-4b22-92aa-5d8bb4238d32,2026-08-27T13:21:09.577519Z,buy,perpetual_future,BTC,79343.440000000000,1.000000000000,trade,confirmed,
0cfffb32-f4c1-43ab-b304-5a058764f3e8,2026-08-27T13:21:10.649Z,buy,perpetual_future,BTC,79349.760000000000,1.000000000000,trade,confirmed,
358992aa-a24b-4600-ad0f-b7e7394a99b9,2026-08-27T13:21:12.887Z,buy,perpetual_future,BTC,79359.950000000000,1.000000000000,trade,confirmed,
d19e1893-1c96-4be0-9c87-b601927a0a09,2026-08-27T13:21:14.031Z,buy,perpetual_future,BTC,79359.750000000000,1.000000000000,trade,confirmed,
cc5c16ed-475a-47df-be52-333965de77b1,2026-08-27T13:21:15.809Z,buy,perpetual_future,BTC,79362.620000000000,1.000000000000,trade,confirmed,
224d0cd3-a56d-4fcb-a906-f15996da8bdc,2026-08-27T13:21:16.737Z,buy,perpetual_future,BTC,79362.060000000000,1.000000000000,trade,confirmed,
1d93c191-8778-493d-b451-c34ea93ddba8,2026-08-27T13:21:17.945Z,buy,perpetual_future,BTC,79361.120000000000,1.000000000000,trade,confirmed,
abda01c0-e1bc-43bb-8db9-cd3a213dc8a8,2026-08-27T13:21:19.593Z,buy,perpetual_future,BTC,79362.480000000000,1.000000000000,trade,confirmed,
b3c329c5-8123-49aa-bdc1-88544ed762c9,2026-08-27T13:21:22.481Z,sell,perpetual_future,BTC,79309.330000000000,1.000000000000,trade,confirmed,
658d64f2-3583-4a98-b474-63e3a5b7071c,2026-08-27T13:21:23.933Z,sell,perpetual_future,BTC,79309.700000000000,1.000000000000,trade,confirmed,
7c154f19-bbe2-4780-b995-6108e0549118,2026-08-27T13:21:25.217421Z,sell,perpetual_future,BTC,79312.830000000000,1.000000000000,trade,confirmed,
441f7b2d-d073-499a-8475-bada295d2685,2026-08-27T13:21:26.559Z,sell,perpetual_future,BTC,79312.880000000000,1.000000000000,trade,confirmed,
e3de1f7a-2704-4d8d-b22b-75b9dc8fef30,2026-08-27T13:21:27.855Z,sell,perpetual_future,BTC,79314.270000000000,1.000000000000,trade,confirmed,
3f1f7a04-e8f7-4ec7-b7d6-3096678a6fb3,2026-08-27T13:21:29.540796Z,sell,perpetual_future,BTC,79308.830000000000,1.000000000000,trade,confirmed,
09bdc74d-592d-4057-90ec-74c8d17e5807,2026-08-27T13:21:31.411Z,sell,perpetual_future,BTC,79309.870000000000,1.000000000000,trade,confirmed,
05ab0e9f-a43e-4145-8e5a-2ecfc7bd902f,2026-08-27T13:21:33.337326Z,sell,perpetual_future,BTC,79309.990000000000,1.000000000000,trade,confirmed,
fc8a30eb-8110-4c1c-8f68-fa7969df6151,2026-08-27T13:21:34.581Z,sell,perpetual_future,BTC,79309.440000000000,1.000000000000,trade,confirmed,
37542986-75a8-4510-9553-7c81f1ca7981,2026-08-27T13:21:36.067Z,sell,perpetual_future,BTC,79303.330000000000,1.000000000000,trade,confirmed,
37ddbe66-4ae6-42a8-8bec-8a9680f48998,2026-08-27T13:21:46.527Z,buy,perpetual_future,BTC,79324.220000000000,1.000000000000,trade,confirmed,
10e7960c-e707-40e8-a4d2-13b89b58942b,2026-08-27T13:21:47.701Z,buy,perpetual_future,BTC,79325.030000000000,1.000000000000,trade,confirmed,
6df03624-4c70-456e-b2f3-c1eccbdf9687,2026-08-27T13:21:49.180Z,buy,perpetual_future,BTC,79325.270000000000,1.000000000000,trade,confirmed,
1202d568-1df6-4b3a-9d65-1262936db9bc,2026-08-27T13:21:50.437428Z,buy,perpetual_future,BTC,79327.890000000000,1.000000000000,trade,confirmed,
f6c433a9-e2ba-46f3-9a6b-1b4d835355dc,2026-08-27T13:21:51.715Z,buy,perpetual_future,BTC,79338.720000000000,1.000000000000,trade,confirmed,
94afd671-c359-470d-80cc-8413d70b9057,2026-08-27T13:21:55.598296Z,sell,perpetual_future,BTC,79319.160000000000,1.000000000000,trade,confirmed,
2d64f064-9ba2-4993-a184-f62919dadc2d,2026-08-27T13:21:57.502Z,sell,perpetual_future,BTC,79320.130000000000,1.000000000000,trade,confirmed,
b66d8ffb-3a4f-4800-809c-37659f323358,2026-08-27T13:21:59.473Z,sell,perpetual_future,BTC,79319.750000000000,1.000000000000,trade,confirmed,
c37a8a8a-e267-48c3-847a-8dd6f4d79f3b,2026-08-27T13:22:02.095Z,sell,perpetual_future,BTC,79328.800000000000,1.000000000000,trade,confirmed,
5ef62a85-ba7e-4987-90a4-bb93ca79904f,2026-08-27T13:22:04.902Z,sell,perpetual_future,BTC,79329.760000000000,1.000000000000,trade,confirmed,
a328cef8-d5c8-4ded-a268-658d4e64a709,2026-08-27T13:50:24.614Z,buy,perpetual_future,ETH,2488.650000000000,44.000000000000,trade,confirmed,
4ebbf5c1-4793-4ec4-bba6-8ce8b6276910,2026-08-27T14:02:22.004142Z,sell,perpetual_future,ETH,2498.530000000000,44.000000000000,trade,confirmed,
11489eb1-2672-4bcf-9b08-e525e8eb8fdf,2026-08-27T14:17:22.746Z,sell,perpetual_future,ENA,0.151900000000,65703.000000000000,trade,confirmed,
e090b095-0c4d-44fa-b72b-3e3523703d7a,2026-08-27T14:34:18.261Z,sell,perpetual_future,ETH,2510.120000000000,44.000000000000,trade,confirmed,
5e5c2b98-32a4-4ad0-b34c-52f529735514,2026-08-27T14:44:31.281Z,buy,perpetual_rwa_future,CRWD,221.725000000000,45.101300000000,trade,confirmed,
e29616a5-2a11-4c7e-991d-a2299b1902ef,2026-08-27T15:18:51.271Z,buy,perpetual_rwa_future,CRWD,224.460000000000,44.596400000000,trade,confirmed,
2eb340e6-4500-4c0a-b1fe-7e675736abf9,2026-08-26T08:47:34.222Z,buy,perpetual_future,BTC,78893.050000000000,1.000000000000,trade,confirmed,
46b98e59-777c-47b9-be5e-26f0ae58a180,2026-08-26T08:47:34.994Z,buy,perpetual_future,BTC,78893.060000000000,1.000000000000,trade,confirmed,
0240d1d9-195c-495c-8da5-8211ff3213d6,2026-08-26T08:47:35.967Z,buy,perpetual_future,BTC,78892.900000000000,1.000000000000,trade,confirmed,
d35f2b91-5754-4678-b2ad-f820acca88ed,2026-08-26T08:47:36.837Z,buy,perpetual_future,BTC,78892.930000000000,1.000000000000,trade,confirmed,
3ddca2e0-1d85-4bc8-adce-7fb4dd016bad,2026-08-26T08:47:38.089Z,buy,perpetual_future,BTC,78893.190000000000,1.000000000000,trade,confirmed,
9cd55fdf-506a-429b-8a65-9adde2b96d81,2026-08-26T08:47:39.663Z,sell,perpetual_future,BTC,78875.930000000000,1.000000000000,trade,confirmed,
098b2fa1-0d38-4182-936b-1cc6442c6e4b,2026-08-26T08:47:40.678Z,sell,perpetual_future,BTC,78875.630000000000,1.000000000000,trade,confirmed,
86bb6fce-0a2e-4419-ab9e-7a0a5ee92ce7,2026-08-26T08:47:41.757Z,sell,perpetual_future,BTC,78875.420000000000,1.000000000000,trade,confirmed,
6a7d5b0a-bd1b-4b8f-bd47-93b6131befa1,2026-08-26T08:47:42.801Z,sell,perpetual_future,BTC,78866.260000000000,1.000000000000,trade,confirmed,
a7d57a8b-e53a-446c-b727-857c95b9aa08,2026-08-26T08:47:43.558Z,sell,perpetual_future,BTC,78866.260000000000,1.000000000000,trade,confirmed,
0e032ee2-3544-49da-8a4f-ed79b9e48bf1,2026-08-26T08:47:48.674Z,buy,perpetual_future,BTC,78896.750000000000,1.000000000000,trade,confirmed,
29a3432e-e190-41c6-97ea-7eb954af4bae,2026-08-26T08:47:49.430Z,buy,perpetual_future,BTC,78896.740000000000,1.000000000000,trade,confirmed,
64872149-fef5-4071-96f1-532effe0258b,2026-08-26T08:47:50.499Z,buy,perpetual_future,BTC,78896.870000000000,1.000000000000,trade,confirmed,
a09f31bc-48e3-4837-98ae-028e7ccfbac5,2026-08-26T08:47:51.357Z,buy,perpetual_future,BTC,78889.590000000000,1.000000000000,trade,confirmed,
8b9acd1a-8a73-44f7-b319-00396eb8f14a,2026-08-26T08:47:52.541Z,buy,perpetual_future,BTC,78889.740000000000,1.000000000000,trade,confirmed,
c89555e3-8ce8-40e4-b6cd-8dbce3ab2651,2026-08-26T08:47:54.338Z,sell,perpetual_future,BTC,78876.030000000000,1.000000000000,trade,confirmed,
e3a0daba-8939-48df-bb3e-58d098d689ca,2026-08-26T08:47:55.309Z,sell,perpetual_future,BTC,78876.470000000000,1.000000000000,trade,confirmed,
d03b1d9d-d4a9-4507-8108-67e54b1ec826,2026-08-26T08:47:56.371Z,sell,perpetual_future,BTC,78875.900000000000,1.000000000000,trade,confirmed,
21a9bf5f-c25a-4de7-ba1a-c5b787dbb229,2026-08-26T08:47:57.446Z,sell,perpetual_future,BTC,78876.300000000000,1.000000000000,trade,confirmed,
f41a22f4-2221-4ccf-8ff9-183512bc2bfb,2026-08-26T08:47:58.410Z,sell,perpetual_future,BTC,78875.800000000000,1.000000000000,trade,confirmed,
92c369bd-f489-4132-abb9-d3a6df4d3e3c,2026-08-26T09:03:24.856Z,sell,perpetual_future,PENGU,0.009378000000,1066211.000000000000,trade,confirmed,
276e9995-73a7-4014-a2e0-13f2d756c111,2026-08-26T09:03:29.017Z,sell,perpetual_future,SUI,0.760300000000,13149.200000000000,trade,confirmed,
8f7b360b-e043-489a-a618-514181a3017d,2026-08-26T09:03:44.928Z,sell,perpetual_future,USELESS,0.064730000000,30883.000000000000,trade,confirmed,
365699b1-0888-4abb-943f-4002b39f965e,2026-08-26T09:03:57.468Z,sell,perpetual_future,NEAR,1.855240000000,5390.130000000000,trade,confirmed,
a22dd070-29b6-4ee5-89e7-81980ceb0434,2026-08-26T09:10:05.354Z,buy,perpetual_future,ENA,0.143400000000,69832.400000000000,trade,confirmed,
ffc561e6-f6b3-4599-80e0-814e29c1884f,2026-08-26T10:11:14.262Z,buy,perpetual_future,ETH,2443.980000000000,44.000000000000,trade,confirmed,
8f66c451-2ab4-4a73-865b-abef29bc95ff,2026-08-26T10:11:42.249Z,buy,perpetual_future,BTC,78323.960000000000,1.000000000000,trade,confirmed,
fc065c03-48b4-49c7-98b0-deb0c223d0eb,2026-08-26T10:11:42.810Z,buy,perpetual_future,BTC,78325.890000000000,1.000000000000,trade,confirmed,
cf7a5371-4d18-4c31-b0bb-9a53b088e5ac,2026-08-26T10:11:43.454Z,buy,perpetual_future,BTC,78325.930000000000,1.000000000000,trade,confirmed,
7202068a-1f50-4b44-a954-434808212452,2026-08-26T10:11:44.090Z,buy,perpetual_future,BTC,78328.420000000000,1.000000000000,trade,confirmed,
1b951b4e-f5ad-4d3c-b594-77522e694710,2026-08-26T10:11:44.736Z,buy,perpetual_future,BTC,78330.880000000000,1.000000000000,trade,confirmed,
431df90f-c2e8-41f4-bbd9-8230bb80f2d5,2026-08-26T10:11:45.804Z,buy,perpetual_future,BTC,78328.620000000000,1.000000000000,trade,confirmed,
a69e4fca-e51f-45e9-8c47-8a692fdc124e,2026-08-26T10:11:46.415Z,buy,perpetual_future,BTC,78337.410000000000,1.000000000000,trade,confirmed,
7a720efd-75ec-4640-a649-bc72885a126f,2026-08-26T10:11:48.537Z,sell,perpetual_future,BTC,78317.030000000000,1.000000000000,trade,confirmed,
177929e4-ba19-4814-985b-b2337d0dd583,2026-08-26T10:11:49.414Z,sell,perpetual_future,BTC,78317.740000000000,1.000000000000,trade,confirmed,
eecb70b3-cc5e-4b20-b032-0fdf3d46180b,2026-08-26T10:11:50.271Z,sell,perpetual_future,BTC,78317.740000000000,1.000000000000,trade,confirmed,
b2bdfe2c-be40-4110-93eb-8da64ca49a3a,2026-08-26T10:11:51.414Z,sell,perpetual_future,BTC,78321.100000000000,1.000000000000,trade,confirmed,
a56d38e7-632b-44fb-93db-3957f92e9d28,2026-08-26T10:11:52.405Z,sell,perpetual_future,BTC,78320.160000000000,1.000000000000,trade,confirmed,
e2c44656-398d-4a80-884b-32b5cdab5d50,2026-08-26T10:11:53.481Z,sell,perpetual_future,BTC,78320.980000000000,1.000000000000,trade,confirmed,
15b532c0-9b4e-4bb2-94a1-44f9ac89b441,2026-08-26T10:11:54.655Z,sell,perpetual_future,BTC,78321.220000000000,1.000000000000,trade,confirmed,
3afbf0b9-f698-46fe-85e3-f66b0fe72115,2026-08-26T10:17:25.816Z,buy,perpetual_future,BTC,78469.520000000000,1.000000000000,trade,confirmed,
5a323b1e-d8b6-4c28-b9f6-b38577916f2c,2026-08-26T10:17:26.572101Z,buy,perpetual_future,BTC,78469.520000000000,1.000000000000,trade,confirmed,
d1e99719-6b09-40a6-b76e-3da291f78c4c,2026-08-26T10:17:26.789Z,buy,perpetual_future,BTC,78469.520000000000,1.000000000000,trade,confirmed,
ca5a68d6-6a4b-41b8-9eb6-b3a324623625,2026-08-26T10:17:28.162Z,buy,perpetual_future,BTC,78467.680000000000,1.000000000000,trade,confirmed,
d39a2a0f-b5b8-44a0-b13b-5db875848889,2026-08-26T10:17:28.268Z,buy,perpetual_future,BTC,78469.220000000000,1.000000000000,trade,confirmed,
e39aa346-b396-461f-bb8d-c7451e1155d5,2026-08-26T10:17:30.188Z,sell,perpetual_future,BTC,78452.230000000000,1.000000000000,trade,confirmed,
20548bb4-f543-43c8-8969-eef0732e77ce,2026-08-26T10:17:31.058Z,sell,perpetual_future,BTC,78452.230000000000,1.000000000000,trade,confirmed,
1a0f4414-d751-4155-97d2-94829460691e,2026-08-26T10:17:32.742Z,sell,perpetual_future,BTC,78455.900000000000,1.000000000000,trade,confirmed,
63c7d4b5-2b23-4498-bf37-e98834b24edd,2026-08-26T10:17:33.678Z,sell,perpetual_future,BTC,78456.210000000000,1.000000000000,trade,confirmed,
5fda1e7f-bb0b-4d6a-b49b-7d6d5ce99d60,2026-08-26T10:17:34.982Z,sell,perpetual_future,BTC,78455.980000000000,1.000000000000,trade,confirmed,
55397d02-3748-45c9-ad5b-6c6e8ea0dd7e,2026-08-26T10:28:50.237Z,sell,perpetual_future,BTC,78571.470000000000,1.000000000000,trade,confirmed,
95377878-a640-47eb-ab80-f22f266922b8,2026-08-26T10:28:51.361Z,sell,perpetual_future,BTC,78570.750000000000,1.000000000000,trade,confirmed,
26fd1a0a-4101-446b-a11d-f0ac04721e4d,2026-08-26T10:28:52.497308Z,sell,perpetual_future,BTC,78570.610000000000,1.000000000000,trade,confirmed,
222f5eb4-4daa-4cd6-b42b-3aa3ea433f5b,2026-08-26T10:28:55.477480Z,sell,perpetual_future,BTC,78570.180000000000,1.000000000000,trade,confirmed,
dff535d7-63fa-443e-b4ec-0fc4d534db18,2026-08-26T10:28:56.468Z,sell,perpetual_future,BTC,78566.940000000000,1.000000000000,trade,confirmed,
cdd1c104-cdc1-4b88-b30d-529e9c238900,2026-08-26T10:29:23.117Z,sell,perpetual_future,BTC,78569.940000000000,1.000000000000,trade,confirmed,
b578f88d-4c71-4f2d-878e-cd29274a272b,2026-08-26T10:29:24.041Z,sell,perpetual_future,BTC,78571.270000000000,1.000000000000,trade,confirmed,
82bcf9f7-df54-45fe-b846-d72fc854cabe,2026-08-26T10:29:24.952Z,sell,perpetual_future,BTC,78570.740000000000,1.000000000000,trade,confirmed,
71e3d126-d9ca-4d2c-8b4b-a13c20bc0477,2026-08-26T10:29:26.106Z,sell,perpetual_future,BTC,78570.190000000000,1.000000000000,trade,confirmed,
2ce03b8d-7bbf-4468-b498-611c70e52a12,2026-08-26T10:29:27.261Z,sell,perpetual_future,BTC,78570.240000000000,1.000000000000,trade,confirmed,
0d569a11-d266-4e50-9ce0-d06d4317ce38,2026-08-26T10:30:42.645187Z,buy,perpetual_future,ETH,2453.460000000000,20.000000000000,trade,confirmed,
443066a0-a270-4c99-86c3-8cb90cd4954b,2026-08-26T10:30:44.618Z,buy,perpetual_future,ETH,2453.970000000000,20.000000000000,trade,confirmed,
64294727-e5d4-4e64-b91a-f6995210480d,2026-08-26T10:30:46.298Z,buy,perpetual_future,ETH,2453.920000000000,20.000000000000,trade,confirmed,
ebd120d2-be14-4b6c-9668-665ace6a27ee,2026-08-26T10:30:47.994Z,buy,perpetual_future,ETH,2453.930000000000,20.000000000000,trade,confirmed,
e6086c1e-b506-4482-aa1a-01b5a00b9de2,2026-08-26T10:30:49.864Z,buy,perpetual_future,ETH,2453.810000000000,20.000000000000,trade,confirmed,
3b42f062-3dbb-4318-9307-5d98f1b91c93,2026-08-26T10:32:04.097332Z,sell,perpetual_future,ETH,2453.250000000000,44.000000000000,trade,confirmed,
7689487d-37f1-4291-920e-da8cf51717cd,2026-08-26T11:21:26.724Z,buy,perpetual_future,ETH,2465.970000000000,70.000000000000,trade,confirmed,
481b0b27-78a1-4367-a27c-2842c27c6a04,2026-08-26T11:26:58.001Z,buy,perpetual_future,ETH,2464.590000000000,100.000000000000,trade,confirmed,
cd33e9c6-1f69-4fe0-bd1f-9d2c3d9be289,2026-08-26T13:25:12.530Z,sell,perpetual_future,SUI,0.744600000000,13431.800000000000,trade,confirmed,
b7adfc40-0e85-4971-9dd3-cde7f31def6c,2026-08-26T13:25:20.207Z,buy,perpetual_future,SUI,0.744900000000,13421.000000000000,trade,confirmed,
98731415-54dc-4e6d-b009-bd7a50a87e95,2026-08-26T13:25:33.818Z,sell,perpetual_rwa_future,MU,923.789000000000,10.515300000000,trade,confirmed,
adc7c68d-f859-46fb-94e3-3912bf60822b,2026-08-26T13:25:36.396Z,sell,perpetual_rwa_future,SNDK,1447.120000000000,6.578940000000,trade,confirmed,
d08e705b-4b09-44af-99b3-d2d84bd7a888,2026-08-25T04:35:50.578656Z,buy,perpetual_future,ETH,2494.730000000000,44.000000000000,trade,confirmed,
1641fcd2-c07f-4053-ad69-e5967a2f9424,2026-08-25T05:06:47.279Z,sell,perpetual_future,ETH,2498.630000000000,44.000000000000,trade,confirmed,
211cadb0-5923-4274-bccc-897c733665da,2026-08-25T05:26:12.655Z,sell,perpetual_future,ETH,2505.050000000000,44.000000000000,trade,confirmed,
cab3205b-2b56-4d75-a421-faff0117216c,2026-08-25T05:31:48.814Z,buy,perpetual_future,ETH,2507.020000000000,44.000000000000,trade,confirmed,
20ba0286-acd9-4243-b37e-5c2eca847c97,2026-08-25T08:09:39.669Z,buy,perpetual_future,ETH,2480.650000000000,44.000000000000,trade,confirmed,
214dc4b1-3062-414b-96ac-fced7eead6a8,2026-08-25T08:09:44.867Z,buy,perpetual_future,BTC,79823.110000000000,1.000000000000,trade,confirmed,
3bfcb10d-81ba-493f-8959-45253f6a6f77,2026-08-25T08:09:45.504Z,buy,perpetual_future,BTC,79823.110000000000,1.000000000000,trade,confirmed,
886987a7-863a-483b-aa81-beb7440f62c1,2026-08-25T08:09:46.446Z,buy,perpetual_future,BTC,79821.490000000000,1.000000000000,trade,confirmed,
14e5edff-fbb0-4c90-bddf-03d9eade3934,2026-08-25T08:09:47.303Z,buy,perpetual_future,BTC,79818.560000000000,1.000000000000,trade,confirmed,
19db1de4-4d00-419d-b89a-976833f342f3,2026-08-25T08:09:48.179Z,buy,perpetual_future,BTC,79819.620000000000,1.000000000000,trade,confirmed,
ddda0406-345e-4bce-87b0-048404992895,2026-08-25T08:09:49.546Z,buy,perpetual_future,BTC,79819.670000000000,1.000000000000,trade,confirmed,
7c10cf14-5f1a-4b1b-a349-227c8fc165ef,2026-08-25T08:09:50.783Z,buy,perpetual_future,BTC,79817.420000000000,1.000000000000,trade,confirmed,
156694b6-0065-4eee-abca-f2aa425a9d1a,2026-08-25T08:10:15.781Z,sell,perpetual_future,BTC,79806.830000000000,1.000000000000,trade,confirmed,
13663a68-400b-4df0-9c8c-700f1ca0bd31,2026-08-25T08:10:16.633Z,sell,perpetual_future,BTC,79806.860000000000,1.000000000000,trade,confirmed,
56113f94-6392-4dcb-a84c-472a21ef2170,2026-08-25T08:10:20.567Z,sell,perpetual_future,BTC,79811.030000000000,1.000000000000,trade,confirmed,
cdd447e2-9383-4d5d-ab61-54b35f33f1fe,2026-08-25T08:10:21.861918Z,sell,perpetual_future,BTC,79805.200000000000,1.000000000000,trade,confirmed,
bef568b2-b0dc-4ce3-8e9a-6afb4ed149cd,2026-08-25T08:10:23.556Z,sell,perpetual_future,BTC,79800.090000000000,1.000000000000,trade,confirmed,
290d8145-5bab-4a7c-a155-5a273b3d6cdf,2026-08-25T08:10:41.329Z,sell,perpetual_future,BTC,79802.420000000000,1.000000000000,trade,confirmed,
82afb58f-1537-4f6c-b211-af9745640bdf,2026-08-25T08:10:44.076Z,sell,perpetual_future,BTC,79807.710000000000,1.000000000000,trade,confirmed,
e2f631f8-dda9-403a-908d-dfbc25502b67,2026-08-25T08:23:48.565872Z,sell,perpetual_future,ETH,2491.180000000000,44.000000000000,trade,confirmed,
265f5576-39ec-4d59-8fe2-76c7490c3243,2026-08-25T12:09:59.945Z,buy,perpetual_future,ETH,2472.670000000000,44.000000000000,trade,confirmed,
47e5c2f9-8dd7-4bbf-9e2e-906ae18362f0,2026-08-25T13:03:33.234Z,buy,perpetual_future,ZEC,843.371000000000,0.118500000000,trade,confirmed,
3acbc570-167f-4c8b-9b9c-b0126cecf695,2026-08-25T13:12:13.126Z,sell,perpetual_future,ETH,2465.810000000000,0.017840000000,trade,confirmed,
210f0258-1a36-46e0-9c3b-846634316a43,2026-08-25T13:12:36.631Z,sell,perpetual_future,ETH,2465.410000000000,0.017840000000,trade,confirmed,
f2d45f43-fa63-4f88-a918-d4e6b3d71066,2026-08-25T13:13:41.634Z,sell,perpetual_future,ETH,2467.240000000000,44.000000000000,trade,confirmed,
ef96b076-b7d4-4e3f-8556-121e7e00ec99,2026-08-24T16:06:21.075Z,buy,perpetual_future,POPCAT,0.057980000000,172562.000000000000,trade,confirmed,
77ac5b04-83a5-4d24-b637-966db9bac3b5,2026-08-24T16:15:02.779Z,sell,perpetual_future,BTC,79429.760000000000,1.000000000000,trade,confirmed,
62a9c6fd-93e4-4185-a95d-133d6ff356db,2026-08-24T16:15:03.937206Z,sell,perpetual_future,BTC,79429.800000000000,1.000000000000,trade,confirmed,
49e882e1-640a-4403-bf6d-ee0daaa96089,2026-08-24T16:15:05.116Z,sell,perpetual_future,BTC,79431.940000000000,1.000000000000,trade,confirmed,
660038ca-949e-4d35-bad2-5ce6949b5ce0,2026-08-24T16:15:06.735Z,sell,perpetual_future,BTC,79458.270000000000,1.000000000000,trade,confirmed,
a72685f6-8bd4-4aeb-85ef-67fb43177a1e,2026-08-24T16:15:08.861158Z,sell,perpetual_future,BTC,79483.310000000000,1.000000000000,trade,confirmed,
c3fd617c-6277-4b88-b47d-0b7e218f83d6,2026-08-24T16:15:10.867Z,sell,perpetual_future,BTC,79504.390000000000,1.000000000000,trade,confirmed,
19a252d9-77b6-484c-a017-9b486f78bc70,2026-08-24T16:15:12.255Z,sell,perpetual_future,BTC,79501.700000000000,1.000000000000,trade,confirmed,
153ec979-8f16-4412-b08b-75fe6eeb8138,2026-08-24T16:15:13.519Z,sell,perpetual_future,BTC,79495.650000000000,1.000000000000,trade,confirmed,
28dc83cd-63f2-4f29-9f0b-6fab23ed876c,2026-08-24T16:15:15.032828Z,sell,perpetual_future,BTC,79496.820000000000,1.000000000000,trade,confirmed,
2e208449-80ee-443c-8de9-de3289817177,2026-08-24T16:15:16.505Z,sell,perpetual_future,BTC,79517.410000000000,1.000000000000,trade,confirmed,
03b1be9e-a1c3-418f-8e05-d369bf23ced4,2026-08-24T16:15:20.637Z,sell,perpetual_future,BTC,79538.070000000000,1.000000000000,trade,confirmed,
137d6803-739e-43c1-8046-17b4b1953627,2026-08-24T16:15:22.455Z,sell,perpetual_future,BTC,79523.360000000000,1.000000000000,trade,confirmed,
6448aec0-42a1-448e-b6e8-b5f1cdb191cb,2026-08-24T16:15:23.527Z,sell,perpetual_future,BTC,79507.790000000000,1.000000000000,trade,confirmed,
2fc8ebea-7932-4289-b299-86b2d1cd2d63,2026-08-24T16:15:24.807Z,sell,perpetual_future,BTC,79515.670000000000,1.000000000000,trade,confirmed,
6b0729b8-024e-4e8f-b428-661b21fe4139,2026-08-24T16:15:26.515Z,sell,perpetual_future,BTC,79510.390000000000,1.000000000000,trade,confirmed,
07fd8460-3e74-4a4f-b784-2c27a6fd57de,2026-08-24T16:15:27.678Z,sell,perpetual_future,BTC,79511.130000000000,1.000000000000,trade,confirmed,
0e6f141a-e1ca-448d-b1db-8d7d30c037d6,2026-08-24T16:15:28.980Z,sell,perpetual_future,BTC,79501.050000000000,1.000000000000,trade,confirmed,
86bddad4-96c4-4451-b25f-dbebf9a323f9,2026-08-24T16:15:30.253Z,sell,perpetual_future,BTC,79494.650000000000,1.000000000000,trade,confirmed,
02006182-0bff-45ca-ad89-daba82ed96be,2026-08-24T16:15:31.412Z,sell,perpetual_future,BTC,79492.130000000000,1.000000000000,trade,confirmed,
111c3a1d-7383-4f33-8fa6-4ce930fe4d1f,2026-08-24T16:15:32.591Z,sell,perpetual_future,BTC,79490.950000000000,1.000000000000,trade,confirmed,
0dd0d881-be65-4ade-a383-3cb8947c9344,2026-08-24T16:15:34.837481Z,buy,perpetual_future,BTC,79511.050000000000,1.000000000000,trade,confirmed,
77dfcfee-d158-4051-8718-187947856e46,2026-08-24T16:15:36.009Z,buy,perpetual_future,BTC,79529.130000000000,1.000000000000,trade,confirmed,
5a5d3165-4197-461c-9ca1-5531c14edc47,2026-08-24T16:15:37.281Z,buy,perpetual_future,BTC,79532.300000000000,1.000000000000,trade,confirmed,
270057fb-0835-4df8-841a-5dc8829614f9,2026-08-24T16:15:38.663Z,buy,perpetual_future,BTC,79532.650000000000,1.000000000000,trade,confirmed,
fb342fb6-ee77-4d38-af45-e59d6bb18937,2026-08-24T16:15:39.924Z,buy,perpetual_future,BTC,79556.340000000000,1.000000000000,trade,confirmed,
9e484f32-0464-478b-bbea-ca713060e03a,2026-08-24T16:15:41.419Z,buy,perpetual_future,BTC,79568.930000000000,1.000000000000,trade,confirmed,
b7dcd7b4-3fcf-4f8f-9135-d54375b70317,2026-08-24T16:15:42.814Z,buy,perpetual_future,BTC,79569.810000000000,1.000000000000,trade,confirmed,
de92237e-a296-420b-9d90-20d138a088d0,2026-08-24T16:15:44.207Z,buy,perpetual_future,BTC,79586.880000000000,1.000000000000,trade,confirmed,
304ba00c-ce26-426b-8408-c2e26d423d92,2026-08-24T16:15:45.577311Z,buy,perpetual_future,BTC,79587.180000000000,1.000000000000,trade,confirmed,
ed6d5d47-4593-4c86-b5ce-8f43265283f4,2026-08-24T16:15:46.965Z,buy,perpetual_future,BTC,79589.580000000000,1.000000000000,trade,confirmed,
d847805e-a480-40af-84c9-d12fe605c209,2026-08-24T16:15:48.779Z,buy,perpetual_future,BTC,79589.100000000000,1.000000000000,trade,confirmed,
9c0bd865-6755-4e90-acfd-23d65673722b,2026-08-24T16:15:50.491196Z,buy,perpetual_future,BTC,79568.380000000000,1.000000000000,trade,confirmed,
e4dfad18-b470-4a60-8001-f33ba5ad71d2,2026-08-24T16:15:51.859Z,buy,perpetual_future,BTC,79570.520000000000,1.000000000000,trade,confirmed,
8fdf3ff6-5b91-40b9-b4d5-de21160488c3,2026-08-24T16:15:53.425Z,buy,perpetual_future,BTC,79578.990000000000,1.000000000000,trade,confirmed,
acd5a8c3-fb83-4cfc-9893-996501e6c267,2026-08-24T16:15:55.038Z,buy,perpetual_future,BTC,79578.900000000000,1.000000000000,trade,confirmed,
7f3efb03-3dcb-4a85-9b6b-e9f5a9b8c328,2026-08-24T16:15:56.704Z,buy,perpetual_future,BTC,79577.030000000000,1.000000000000,trade,confirmed,
aff04288-d47c-443d-83f6-85f55c306026,2026-08-24T16:15:58.419Z,buy,perpetual_future,BTC,79570.020000000000,1.000000000000,trade,confirmed,
8d01eb66-1acb-4cec-9aee-0b1ab58b1bb2,2026-08-24T16:16:00.025Z,buy,perpetual_future,BTC,79571.640000000000,1.000000000000,trade,confirmed,
dfa1c824-57e2-42cd-8b6e-76c4e5fa7295,2026-08-24T16:16:01.515Z,buy,perpetual_future,BTC,79582.700000000000,1.000000000000,trade,confirmed,
c767cda3-0242-46d3-8f12-2a7c47fe60ed,2026-08-24T16:16:03.005Z,buy,perpetual_future,BTC,79585.110000000000,1.000000000000,trade,confirmed,
3cb64de8-6cf6-4329-bd73-ebd93a0c1470,2026-08-24T16:16:33.697347Z,sell,perpetual_future,BTC,79542.680000000000,1.000000000000,trade,confirmed,
cd739c44-13ac-450f-a879-1398d44cc502,2026-08-24T16:16:35.417448Z,sell,perpetual_future,BTC,79569.000000000000,1.000000000000,trade,confirmed,
38b3fafd-5015-4cc7-afae-6053ee9b2bbf,2026-08-24T16:16:38.287092Z,sell,perpetual_future,BTC,79563.520000000000,1.000000000000,trade,confirmed,
623b2d32-cb7a-4729-8baa-707c20202c0a,2026-08-24T16:16:39.643Z,sell,perpetual_future,BTC,79574.910000000000,1.000000000000,trade,confirmed,
b33b1426-683c-4e3b-872d-87fe1d454981,2026-08-24T16:16:41.137382Z,sell,perpetual_future,BTC,79572.170000000000,1.000000000000,trade,confirmed,
fb3285b0-ef2a-4670-91cc-79f9403f5d7d,2026-08-24T16:16:42.803Z,sell,perpetual_future,BTC,79564.740000000000,1.000000000000,trade,confirmed,
9664cbf8-2510-4cac-8c69-45f0d3208117,2026-08-24T16:16:44.209Z,sell,perpetual_future,BTC,79546.350000000000,1.000000000000,trade,confirmed,
ceacf127-fea0-4748-9ccc-24359984e696,2026-08-24T16:16:45.699Z,sell,perpetual_future,BTC,79539.050000000000,1.000000000000,trade,confirmed,
79def6c5-dfef-4cc0-874d-02d64709f7c9,2026-08-24T16:16:47.319Z,sell,perpetual_future,BTC,79539.860000000000,1.000000000000,trade,confirmed,
2d763ce3-df90-4fc4-a82e-352e9df6a781,2026-08-24T16:16:49.337339Z,sell,perpetual_future,BTC,79549.800000000000,1.000000000000,trade,confirmed,
efebdff2-f1c1-454b-a03a-e7674331f65b,2026-08-24T16:18:16.061Z,buy,perpetual_future,BTC,79735.740000000000,1.000000000000,trade,confirmed,
ebce4b92-99c9-4ba9-928e-848290ae8689,2026-08-24T16:18:18.307Z,buy,perpetual_future,BTC,79748.060000000000,1.000000000000,trade,confirmed,
8adf3ca3-3d2e-4873-938b-dda4e331e00a,2026-08-24T16:18:19.039Z,buy,perpetual_future,BTC,79731.440000000000,1.000000000000,trade,confirmed,
d78d3572-af64-4a37-bde4-daa2f3725603,2026-08-24T16:18:21.263Z,buy,perpetual_future,BTC,79713.900000000000,1.000000000000,trade,confirmed,
931b96e9-3e7e-4ebd-89f8-6701eec9e057,2026-08-24T16:18:23.518Z,buy,perpetual_future,BTC,79724.650000000000,1.000000000000,trade,confirmed,
06723254-ab82-44d6-b73a-6d0e144ce8bf,2026-08-24T16:18:24.359Z,buy,perpetual_future,BTC,79719.870000000000,1.000000000000,trade,confirmed,
c417b96b-ad28-40ae-954d-d24b8ea13213,2026-08-24T16:18:25.633Z,buy,perpetual_future,BTC,79720.610000000000,1.000000000000,trade,confirmed,
19134518-cf4d-4241-af60-f82b713e60ab,2026-08-24T16:18:26.710Z,buy,perpetual_future,BTC,79720.820000000000,1.000000000000,trade,confirmed,
ce91a749-1c36-4a46-ac33-bf2c84138704,2026-08-24T16:18:27.769Z,buy,perpetual_future,BTC,79720.510000000000,1.000000000000,trade,confirmed,
42923852-71e6-40e7-9cf6-2b22ddab2333,2026-08-24T16:18:29.797464Z,buy,perpetual_future,BTC,79721.990000000000,1.000000000000,trade,confirmed,
b4172b85-c263-4fba-b98c-aab636c0d09e,2026-08-24T16:18:38.300Z,buy,perpetual_future,BTC,79716.380000000000,1.000000000000,trade,confirmed,
cec4e11e-626c-40d6-874f-06bb403e1e0c,2026-08-24T16:18:39.477Z,buy,perpetual_future,BTC,79720.790000000000,1.000000000000,trade,confirmed,
37933faa-d95a-4f2b-8ad1-4c2df2d66a3a,2026-08-24T16:18:40.867Z,buy,perpetual_future,BTC,79718.850000000000,1.000000000000,trade,confirmed,
1472be16-c4f5-4d4c-9483-25c3f15dbe53,2026-08-24T16:18:41.835Z,buy,perpetual_future,BTC,79711.960000000000,1.000000000000,trade,confirmed,
aa4b04e2-9eed-49c5-b980-98e57e80e687,2026-08-24T16:18:43.841Z,buy,perpetual_future,BTC,79745.870000000000,1.000000000000,trade,confirmed,
ae94ca0f-d241-43c0-8876-a9480eb492f7,2026-08-24T16:18:44.807Z,buy,perpetual_future,BTC,79762.830000000000,1.000000000000,trade,confirmed,
5ca8c654-e886-4f00-91d0-3e1239d8dfa3,2026-08-24T16:18:45.997540Z,buy,perpetual_future,BTC,79766.290000000000,1.000000000000,trade,confirmed,
450e0195-ee36-4a9c-a452-325ba162b40d,2026-08-24T16:18:46.945784Z,buy,perpetual_future,BTC,79771.840000000000,1.000000000000,trade,confirmed,
2b0438e1-43ad-45d0-8f34-ad06d703dce8,2026-08-24T16:18:48.523Z,buy,perpetual_future,BTC,79792.130000000000,1.000000000000,trade,confirmed,
68d8b722-dd56-495e-b983-b0d0da4b10e2,2026-08-24T16:18:49.277Z,buy,perpetual_future,BTC,79809.370000000000,1.000000000000,trade,confirmed,
cdf34a09-6b23-4f7d-b9ef-c32718ebc944,2026-08-24T16:18:51.215Z,sell,perpetual_future,BTC,79771.990000000000,1.000000000000,trade,confirmed,
316cd645-f6b1-4018-aaf7-98d9b2a7b753,2026-08-24T16:18:52.395Z,sell,perpetual_future,BTC,79788.650000000000,1.000000000000,trade,confirmed,
9aedb9dc-b900-4ce9-bdff-40c269936f86,2026-08-24T16:18:53.340Z,sell,perpetual_future,BTC,79776.530000000000,1.000000000000,trade,confirmed,
5489e811-aa78-4845-a52f-3102506e4e27,2026-08-24T16:18:54.635Z,sell,perpetual_future,BTC,79778.130000000000,1.000000000000,trade,confirmed,
41d23460-0ff8-4778-aa34-663523996933,2026-08-24T16:18:55.581Z,sell,perpetual_future,BTC,79788.970000000000,1.000000000000,trade,confirmed,
78d5b00f-b1c8-44bd-8cdc-858c332924e8,2026-08-24T16:18:56.655Z,sell,perpetual_future,BTC,79782.790000000000,1.000000000000,trade,confirmed,
7948bdb2-19fc-44ca-a9ed-6e463b2315b9,2026-08-24T16:18:57.833Z,sell,perpetual_future,BTC,79780.850000000000,1.000000000000,trade,confirmed,
b7c186b4-753e-4a57-8cdc-135223e0c3c8,2026-08-24T16:18:59.089Z,sell,perpetual_future,BTC,79768.590000000000,1.000000000000,trade,confirmed,
bbdaeb31-d5c1-4fc4-94fb-163a787b6f35,2026-08-24T16:19:00.269Z,sell,perpetual_future,BTC,79772.500000000000,1.000000000000,trade,confirmed,
f1566ccb-ea13-43c3-8f0c-213502a2c1f0,2026-08-24T16:19:01.337515Z,sell,perpetual_future,BTC,79769.080000000000,1.000000000000,trade,confirmed,
0405529c-8b9b-4d63-8730-897acfaff3c8,2026-08-24T16:37:38.683Z,sell,perpetual_future,BTC,79591.620000000000,1.000000000000,trade,confirmed,
0120c25d-aa21-478f-b91f-42f43a0eefdc,2026-08-24T16:37:39.637Z,sell,perpetual_future,BTC,79590.570000000000,1.000000000000,trade,confirmed,
2c9e42e6-979b-4168-af2a-3c385f7b639f,2026-08-24T16:37:40.724332Z,sell,perpetual_future,BTC,79594.070000000000,1.000000000000,trade,confirmed,
9a94acf1-a475-4f47-bb49-d1f29f047e04,2026-08-24T16:37:41.783Z,sell,perpetual_future,BTC,79591.310000000000,1.000000000000,trade,confirmed,
f6250bfd-a9c8-48ce-b7a8-3f0ea066a58f,2026-08-24T16:37:42.937Z,sell,perpetual_future,BTC,79598.980000000000,1.000000000000,trade,confirmed,
1b34d44a-9fd2-4300-a891-747e40be7d7c,2026-08-24T16:37:45.501Z,buy,perpetual_future,BTC,79623.450000000000,1.000000000000,trade,confirmed,
c76f39ed-35a5-435b-9ccf-dfe428ae1106,2026-08-24T16:37:46.997377Z,buy,perpetual_future,BTC,79608.420000000000,1.000000000000,trade,confirmed,
997c1a36-6015-44be-a19c-119f71573d16,2026-08-24T16:37:48.477459Z,buy,perpetual_future,BTC,79609.810000000000,1.000000000000,trade,confirmed,
a1ad1809-984c-479f-b5da-9257f0ba8198,2026-08-24T16:37:49.844Z,buy,perpetual_future,BTC,79605.590000000000,1.000000000000,trade,confirmed,
a469d7fb-bdb4-491a-b5e6-9a84ba99ad77,2026-08-24T16:37:51.657509Z,buy,perpetual_future,BTC,79606.360000000000,1.000000000000,trade,confirmed,
6c712ae7-abcc-47f6-a8dd-3be1ca39c203,2026-08-24T16:40:40.851Z,buy,perpetual_future,BTC,79407.930000000000,1.000000000000,trade,confirmed,
ed06a354-06fc-4152-85ab-d1c97ffe83a1,2026-08-24T16:40:42.155Z,buy,perpetual_future,BTC,79403.350000000000,1.000000000000,trade,confirmed,
d341d531-e805-45d7-8daf-0f02bac8e733,2026-08-24T16:40:43.007Z,buy,perpetual_future,BTC,79403.590000000000,1.000000000000,trade,confirmed,
0492bde9-770c-471a-b415-b2a2b1454564,2026-08-24T16:40:43.859Z,buy,perpetual_future,BTC,79405.400000000000,1.000000000000,trade,confirmed,
02dbee19-1374-407b-be9d-2cc468941c35,2026-08-24T16:40:45.374400Z,buy,perpetual_future,BTC,79416.940000000000,1.000000000000,trade,confirmed,
18baa1e0-113f-49bc-80be-5e315bddab39,2026-08-24T16:40:47.166Z,buy,perpetual_future,BTC,79427.620000000000,1.000000000000,trade,confirmed,
2a9a5f83-d0f0-4bd9-8394-1a1dc33a2a41,2026-08-24T16:40:49.397319Z,sell,perpetual_future,BTC,79416.350000000000,1.000000000000,trade,confirmed,
62b0e69f-89d5-4b56-9e83-45187e34daa5,2026-08-24T16:40:50.348Z,sell,perpetual_future,BTC,79422.300000000000,1.000000000000,trade,confirmed,
83e475f9-47f6-462c-a133-cc166fc6aacb,2026-08-24T16:40:51.529Z,sell,perpetual_future,BTC,79437.570000000000,1.000000000000,trade,confirmed,
706ccdd3-3d2e-4a11-a74e-6ff080137271,2026-08-24T16:40:52.781Z,sell,perpetual_future,BTC,79444.760000000000,1.000000000000,trade,confirmed,
64051f09-7f18-4730-9943-da8578a997db,2026-08-24T16:40:54.063Z,sell,perpetual_future,BTC,79445.840000000000,1.000000000000,trade,confirmed,
cf6ddc98-fbd5-49ca-9a5a-98150f63b013,2026-08-24T16:40:55.355Z,sell,perpetual_future,BTC,79448.430000000000,1.000000000000,trade,confirmed,
b491873b-39b9-446f-8016-e3ba9c83db56,2026-08-24T16:41:25.509Z,buy,perpetual_future,BTC,79367.180000000000,1.000000000000,trade,confirmed,
e8be4f49-7c83-4faf-8cc4-d22c9e984eeb,2026-08-24T16:41:26.535768Z,buy,perpetual_future,BTC,79376.590000000000,1.000000000000,trade,confirmed,
c56d0924-4066-4d41-9d46-aea426ec6517,2026-08-24T16:41:27.593Z,buy,perpetual_future,BTC,79375.450000000000,1.000000000000,trade,confirmed,
0bee8c09-0e7e-4ebc-8b79-b7e5fe7f4d40,2026-08-24T16:41:29.177Z,buy,perpetual_future,BTC,79374.330000000000,1.000000000000,trade,confirmed,
74810af8-3a08-443a-a891-dfc97bc57ce9,2026-08-24T16:41:30.042Z,buy,perpetual_future,BTC,79382.730000000000,1.000000000000,trade,confirmed,
5771c3d8-61b3-4614-9d10-8f2da9ebab4f,2026-08-24T16:41:32.463Z,sell,perpetual_future,BTC,79375.720000000000,1.000000000000,trade,confirmed,
5a316623-b3d9-44f3-b17a-7cde9f4cf3a2,2026-08-24T16:41:33.219Z,sell,perpetual_future,BTC,79385.630000000000,1.000000000000,trade,confirmed,
6e169522-c6fb-4f5f-8c83-9035e8484cdb,2026-08-24T16:41:34.063Z,sell,perpetual_future,BTC,79393.740000000000,1.000000000000,trade,confirmed,
6caf90d9-1d35-494e-add9-3b0ec7f6ffe0,2026-08-24T16:41:35.221Z,sell,perpetual_future,BTC,79397.770000000000,1.000000000000,trade,confirmed,
2f2c18b5-bf8b-4e18-9612-705d2ebc2ed7,2026-08-24T16:41:36.829Z,sell,perpetual_future,BTC,79407.070000000000,1.000000000000,trade,confirmed,
d03c1e2e-19e5-4fd4-b795-f0bf97cc9b38,2026-08-24T16:43:16.916Z,sell,perpetual_future,POPCAT,0.057410000000,174155.000000000000,trade,confirmed,
9ef2e2f6-ca13-4a6b-9ec3-b4900deeb8cc,2026-08-24T16:43:30.535Z,sell,perpetual_future,POPCAT,0.057330000000,176248.000000000000,trade,confirmed,
542ae5db-4c13-42e3-98cd-a93ca0fb707b,2026-08-24T16:43:44.848Z,sell,perpetual_future,ZEC,840.224000000000,11.953900000000,trade,confirmed,
3a05c3f4-f511-47f5-8819-9165c81d0c06,2026-08-24T16:43:50.566Z,sell,perpetual_future,PUMPFUN,0.004937000000,1993620.000000000000,trade,confirmed,
fcabfba0-9132-4c67-846e-149cd05dd163,2026-08-24T16:46:19.514Z,buy,perpetual_future,BTC,79267.900000000000,1.000000000000,trade,confirmed,
6c4060d2-5744-40c9-a9b1-dc16accce407,2026-08-24T16:46:20.477Z,buy,perpetual_future,BTC,79268.790000000000,1.000000000000,trade,confirmed,
4055a183-36a4-48a8-852e-0c4a4ab04485,2026-08-24T16:46:21.568313Z,buy,perpetual_future,BTC,79266.230000000000,1.000000000000,trade,confirmed,
6abbeb91-7d77-4060-b0eb-395bccac064e,2026-08-24T16:46:22.714Z,buy,perpetual_future,BTC,79271.040000000000,1.000000000000,trade,confirmed,
9d9fdd50-53d7-46c5-b237-7202edb5fa2e,2026-08-24T16:46:23.589Z,buy,perpetual_future,BTC,79269.840000000000,1.000000000000,trade,confirmed,
3a167128-ee55-4ae4-a49b-b22137c1b5b6,2026-08-24T16:46:26.045Z,sell,perpetual_future,BTC,79259.690000000000,1.000000000000,trade,confirmed,
363ce70d-4f9c-4a05-b353-41904226fa66,2026-08-24T16:46:27.423Z,sell,perpetual_future,BTC,79281.190000000000,1.000000000000,trade,confirmed,
9ebb2292-da33-4131-b2c9-6d71599c944f,2026-08-24T16:46:28.617686Z,sell,perpetual_future,BTC,79280.820000000000,1.000000000000,trade,confirmed,
9bfee42d-fd5e-4ca5-b558-0f146a711991,2026-08-24T16:46:30.305Z,sell,perpetual_future,BTC,79257.080000000000,1.000000000000,trade,confirmed,
15af76f6-5506-4309-bc3e-afed8606c605,2026-08-24T16:46:31.375Z,sell,perpetual_future,BTC,79257.050000000000,1.000000000000,trade,confirmed,
debce973-86ca-469b-ad03-b3ccf1330b76,2026-08-24T16:53:42.441Z,buy,perpetual_future,BTC,79097.340000000000,1.000000000000,trade,confirmed,
2feac951-ce1e-475b-9ebf-6a3db622474e,2026-08-24T16:53:43.027Z,buy,perpetual_future,BTC,79091.290000000000,1.000000000000,trade,confirmed,
60700bbb-67a4-4135-915c-d596c9796217,2026-08-24T16:53:44.377280Z,buy,perpetual_future,BTC,79095.430000000000,1.000000000000,trade,confirmed,
e98dcd0f-594f-4d13-b405-021cf7a62ea4,2026-08-24T16:53:45.445025Z,buy,perpetual_future,BTC,79093.430000000000,1.000000000000,trade,confirmed,
fdc798d6-a87d-453b-98f0-07ca0f808e89,2026-08-24T16:53:46.597Z,buy,perpetual_future,BTC,79096.750000000000,1.000000000000,trade,confirmed,
10aad760-1fbe-4009-9542-2e36d73e3070,2026-08-24T16:53:47.673Z,buy,perpetual_future,BTC,79097.540000000000,1.000000000000,trade,confirmed,
388c2f6c-96d7-4ed5-8d82-2e57aaeb92e2,2026-08-24T16:53:48.730Z,buy,perpetual_future,BTC,79097.450000000000,1.000000000000,trade,confirmed,
a746a430-c62f-4c71-8e44-d72c488c6c7c,2026-08-24T16:53:49.698Z,buy,perpetual_future,BTC,79097.240000000000,1.000000000000,trade,confirmed,
0c96984b-b99e-4600-b9be-ca47c93dcb1a,2026-08-24T16:53:50.662Z,buy,perpetual_future,BTC,79095.820000000000,1.000000000000,trade,confirmed,
0236c173-9988-4bc0-9313-c56f669b8ac2,2026-08-24T16:53:51.709Z,buy,perpetual_future,BTC,79095.960000000000,1.000000000000,trade,confirmed,
cbdc9140-9afe-476b-a76e-29f0b8610ae6,2026-08-24T16:53:53.653150Z,sell,perpetual_future,BTC,79063.330000000000,1.000000000000,trade,confirmed,
22d5f315-d6b3-42a2-8a73-46dba6b405c8,2026-08-24T16:53:54.825Z,sell,perpetual_future,BTC,79068.450000000000,1.000000000000,trade,confirmed,
50bf8dc7-e239-4e04-90cb-4f25fde11981,2026-08-24T16:53:55.706Z,sell,perpetual_future,BTC,79068.480000000000,1.000000000000,trade,confirmed,
d3e72a4c-f720-442d-b894-dac91f5220ed,2026-08-24T16:53:56.951Z,sell,perpetual_future,BTC,79068.620000000000,1.000000000000,trade,confirmed,
97a04787-45b6-4e54-b7b6-1e08947b35fa,2026-08-24T16:53:58.182Z,sell,perpetual_future,BTC,79062.400000000000,1.000000000000,trade,confirmed,
8a0333b4-f721-4b8e-aae3-8389573a9c4b,2026-08-24T16:53:59.278Z,sell,perpetual_future,BTC,79059.540000000000,1.000000000000,trade,confirmed,
727aa77b-4aba-46c0-be20-50a45cc8b477,2026-08-24T16:54:00.347Z,sell,perpetual_future,BTC,79060.350000000000,1.000000000000,trade,confirmed,
31e8b313-1984-47a5-a252-d9dc2cffcd2c,2026-08-24T16:54:01.641Z,sell,perpetual_future,BTC,79050.930000000000,1.000000000000,trade,confirmed,
cc3cc76d-ad90-4968-9679-28343fa683e3,2026-08-24T16:54:02.711Z,sell,perpetual_future,BTC,79048.000000000000,1.000000000000,trade,confirmed,
a0ca4b1b-2dc7-420f-8cfc-5a29d4fe85fd,2026-08-24T16:54:03.785Z,sell,perpetual_future,BTC,79045.860000000000,1.000000000000,trade,confirmed,
e4694336-def2-4258-abba-22b115768eda,2026-08-25T02:53:16.180Z,buy,perpetual_future,POPCAT,0.061960000000,161603.000000000000,trade,confirmed,
f73eb6ef-9f08-459d-98f6-3ab3e2f5bc5f,2026-08-25T02:53:25.133Z,buy,perpetual_future,MEW,0.000479100000,20938023.000000000000,trade,confirmed,
94b3f0e3-3648-4e20-9b7f-949c0e0da2fb,2026-08-25T02:59:02.429Z,sell,perpetual_future,POPCAT,0.061830000000,161603.000000000000,trade,confirmed,
68f3da76-1075-456f-9a99-b76408f96161,2026-08-25T02:59:08.605Z,sell,perpetual_future,MEW,0.000475400000,20938023.000000000000,trade,confirmed,
3182aeaf-fad7-47a1-8352-cddb4dfc0b4f,2026-08-24T04:01:16.644Z,buy,perpetual_future,PUMPFUN,0.005018000000,1993620.000000000000,trade,confirmed,
a74c5576-0b47-43d5-8f8f-748202219ead,2026-08-24T04:05:46.018Z,buy,perpetual_future,BTC,77089.680000000000,1.000000000000,trade,confirmed,
d254c87c-8e52-4736-8729-bda6e7676b31,2026-08-24T04:05:46.869Z,buy,perpetual_future,BTC,77089.280000000000,1.000000000000,trade,confirmed,
f900186e-8a8d-4a9b-b700-732a3c2402e7,2026-08-24T04:05:47.823Z,buy,perpetual_future,BTC,77090.390000000000,1.000000000000,trade,confirmed,
0261bc7c-0407-4423-b626-a24d7c71e95c,2026-08-24T04:05:48.817Z,buy,perpetual_future,BTC,77091.630000000000,1.000000000000,trade,confirmed,
e9002c63-d43b-4b4e-a59f-3821e2472b92,2026-08-24T04:05:49.791Z,buy,perpetual_future,BTC,77089.890000000000,1.000000000000,trade,confirmed,
f202213e-ebbc-4147-b6e7-01449ee96d1d,2026-08-24T04:05:50.891Z,buy,perpetual_future,BTC,77087.880000000000,1.000000000000,trade,confirmed,
ed3b3e47-c022-473c-b9cd-405b256a5576,2026-08-24T04:05:51.778Z,buy,perpetual_future,BTC,77086.840000000000,1.000000000000,trade,confirmed,
a306c362-144f-4f46-a494-7d3783865119,2026-08-24T04:05:53.051Z,buy,perpetual_future,BTC,77086.650000000000,1.000000000000,trade,confirmed,
4dad7640-d163-447c-99ef-037d803e512e,2026-08-24T04:05:54.097758Z,buy,perpetual_future,BTC,77074.570000000000,1.000000000000,trade,confirmed,
006bdc91-5cbb-41bb-bc9d-2aa7802693aa,2026-08-24T04:05:55.159Z,buy,perpetual_future,BTC,77072.720000000000,1.000000000000,trade,confirmed,
8967b202-91a9-440c-a0ea-2c1dbc50093c,2026-08-24T04:05:56.214Z,buy,perpetual_future,BTC,77065.840000000000,1.000000000000,trade,confirmed,
dd6c687d-2daf-45bf-8db0-86cd438b79ab,2026-08-24T04:05:57.201Z,buy,perpetual_future,BTC,77063.870000000000,1.000000000000,trade,confirmed,
8d842b52-c882-4393-a2cf-c9713488819a,2026-08-24T04:05:58.263Z,buy,perpetual_future,BTC,77063.840000000000,1.000000000000,trade,confirmed,
d240dae7-447a-4b24-b989-c243f80b2dd2,2026-08-24T04:05:59.433Z,buy,perpetual_future,BTC,77061.940000000000,1.000000000000,trade,confirmed,
ee3eb896-2c9b-4447-bbcc-838c8994ef83,2026-08-24T04:06:00.591Z,buy,perpetual_future,BTC,77080.060000000000,1.000000000000,trade,confirmed,
0571db38-de4d-432f-b19a-9aaaa256d639,2026-08-24T04:06:01.545Z,buy,perpetual_future,BTC,77074.360000000000,1.000000000000,trade,confirmed,
76d5313f-c20d-4756-9218-247a5ffbad17,2026-08-24T04:06:02.717Z,buy,perpetual_future,BTC,77073.350000000000,1.000000000000,trade,confirmed,
a5fded06-02cd-405e-b31a-94767fb455f3,2026-08-24T04:06:03.917541Z,buy,perpetual_future,BTC,77070.900000000000,1.000000000000,trade,confirmed,
a9bd1376-527f-4ef1-9732-6a46f2662557,2026-08-24T04:06:05.082Z,buy,perpetual_future,BTC,77082.640000000000,1.000000000000,trade,confirmed,
0b874448-544c-4da6-bb80-c435fc8c58f8,2026-08-24T04:06:06.018Z,buy,perpetual_future,BTC,77075.460000000000,1.000000000000,trade,confirmed,
483f670d-018e-4429-a740-5cc5bccce438,2026-08-24T04:06:07.727Z,sell,perpetual_future,BTC,77062.000000000000,1.000000000000,trade,confirmed,
b164bb6c-d8c0-41cc-ac35-7c6870f4d4fa,2026-08-24T04:06:09.106Z,sell,perpetual_future,BTC,77062.630000000000,1.000000000000,trade,confirmed,
513a3ff7-32ad-4462-983f-210ad0872f34,2026-08-24T04:06:10.294Z,sell,perpetual_future,BTC,77058.850000000000,1.000000000000,trade,confirmed,
616fd3d1-2de2-4d37-8f0e-72fa84c2c5b9,2026-08-24T04:06:11.345Z,sell,perpetual_future,BTC,77059.120000000000,1.000000000000,trade,confirmed,
8c6d03b0-2604-4132-b7fe-455b1ae2a721,2026-08-24T04:06:12.521Z,sell,perpetual_future,BTC,77068.090000000000,1.000000000000,trade,confirmed,
f26f5d63-6f16-4838-af8f-0af5061ecf27,2026-08-24T04:06:13.575Z,sell,perpetual_future,BTC,77069.080000000000,1.000000000000,trade,confirmed,
b0818037-2b2e-4aab-a13f-52122494dc6f,2026-08-24T04:06:14.641Z,sell,perpetual_future,BTC,77069.610000000000,1.000000000000,trade,confirmed,
85ccf780-d917-4c75-a7b5-1cfe296ab733,2026-08-24T04:06:15.699Z,sell,perpetual_future,BTC,77072.380000000000,1.000000000000,trade,confirmed,
cfca22b5-e931-4eb4-9b94-ef0fb5449f9c,2026-08-24T04:06:16.665Z,sell,perpetual_future,BTC,77076.910000000000,1.000000000000,trade,confirmed,
089522d6-79ef-448f-93d9-437f80723679,2026-08-24T04:06:17.833Z,sell,perpetual_future,BTC,77069.960000000000,1.000000000000,trade,confirmed,
4e7dc2d7-f561-4c03-b7d1-1d994cee9528,2026-08-24T04:06:18.891Z,sell,perpetual_future,BTC,77071.530000000000,1.000000000000,trade,confirmed,
9edf6074-af43-4979-b507-cde9d5cede9c,2026-08-24T04:06:20.185Z,sell,perpetual_future,BTC,77046.410000000000,1.000000000000,trade,confirmed,
b9988d62-3f03-481a-a876-30131964bd40,2026-08-24T04:06:21.457349Z,sell,perpetual_future,BTC,77043.960000000000,1.000000000000,trade,confirmed,
203250ef-fa53-4617-9dab-d3ee38a5bdcc,2026-08-24T04:06:22.521Z,sell,perpetual_future,BTC,77042.740000000000,1.000000000000,trade,confirmed,
7deaf9bc-ee9e-499f-915f-8692214239f7,2026-08-24T04:06:24.127Z,sell,perpetual_future,BTC,77042.370000000000,1.000000000000,trade,confirmed,
32859391-1d16-43f2-bab9-58f8e1dd29d8,2026-08-24T04:06:25.297615Z,sell,perpetual_future,BTC,77054.730000000000,1.000000000000,trade,confirmed,
01996938-343c-4e07-aa45-0d96137242a1,2026-08-24T04:06:26.553Z,sell,perpetual_future,BTC,77054.670000000000,1.000000000000,trade,confirmed,
36336c40-6d61-4c97-a1ff-de76a098e1f3,2026-08-24T04:06:27.834Z,sell,perpetual_future,BTC,77045.950000000000,1.000000000000,trade,confirmed,
73d23e03-480c-441d-8258-7ded7ac9ae99,2026-08-24T04:06:29.217411Z,sell,perpetual_future,BTC,77031.220000000000,1.000000000000,trade,confirmed,
3e1f272b-b209-452f-b276-fb5b9528def5,2026-08-24T04:06:30.561Z,sell,perpetual_future,BTC,77033.500000000000,1.000000000000,trade,confirmed,
f559691e-9c47-4fb3-8d02-745b92d161d6,2026-08-24T07:53:20.485Z,buy,perpetual_rwa_future,SNDK,1518.360000000000,6.578940000000,trade,confirmed,
2d447a2f-dcf0-456c-bf7a-2168aa0efdce,2026-08-24T09:09:57.214Z,buy,perpetual_future,OVERTAKE,0.056220000000,4453.000000000000,trade,confirmed,
4fed9a1f-3104-406f-98bc-6802cd8a3233,2026-08-24T09:09:59.279Z,buy,perpetual_future,OVERTAKE,0.056180000000,4446.000000000000,trade,confirmed,
a2d9ed21-09af-46ee-a96c-8a035c8a148d,2026-08-24T09:10:03.479Z,buy,perpetual_future,OVERTAKE,0.056270000000,4438.000000000000,trade,confirmed,
1bd8bf4a-914d-4f67-8a86-11d952975833,2026-08-24T09:10:05.348Z,buy,perpetual_future,OVERTAKE,0.056250000000,4443.000000000000,trade,confirmed,
1dc10970-fea3-4af5-baf1-136921a86239,2026-08-24T09:10:08.091Z,buy,perpetual_future,OVERTAKE,0.056280000000,4438.000000000000,trade,confirmed,
149acfd6-9206-4368-913e-b58e083978e3,2026-08-24T09:10:10.117Z,buy,perpetual_future,OVERTAKE,0.056330000000,4442.000000000000,trade,confirmed,
b9ba5065-71d5-4975-a886-03c1e2c63e23,2026-08-24T09:10:15.066Z,buy,perpetual_future,OVERTAKE,0.056480000000,4425.000000000000,trade,confirmed,
0876f2f7-821a-44b6-9e7b-0c9d03e268d8,2026-08-24T09:10:15.699Z,buy,perpetual_future,OVERTAKE,0.056610000000,4427.000000000000,trade,confirmed,
44e91081-9550-46b5-92fb-07f8b701977b,2026-08-24T09:10:19.606Z,buy,perpetual_future,OVERTAKE,0.056460000000,4418.000000000000,trade,confirmed,
22e28950-0db6-4f73-a80f-52177267b205,2026-08-24T09:10:23.146Z,buy,perpetual_future,OVERTAKE,0.056600000000,4416.000000000000,trade,confirmed,
53eaa40e-1ad8-4511-a8c5-c461059ce5f2,2026-08-24T09:10:27.065Z,buy,perpetual_future,OVERTAKE,0.056590000000,4418.000000000000,trade,confirmed,
b89a1ef4-0502-4067-9bfe-670e429866ef,2026-08-24T09:10:31.607Z,buy,perpetual_future,OVERTAKE,0.056620000000,1236.000000000000,trade,confirmed,
75f1ad41-096b-4f64-aafc-21b1ff608038,2026-08-24T10:02:16.995Z,buy,perpetual_future,HYPE,78.535100000000,1000.000000000000,trade,confirmed,
73b5976b-2b43-429c-b618-f316dd1e0f3a,2026-08-24T10:02:39.768Z,buy,perpetual_future,SOL,94.702800000000,1000.000000000000,trade,confirmed,
aaab7367-a561-406d-ae62-a39b9b320b0f,2026-08-24T11:34:55.204Z,sell,perpetual_future,HYPE,79.528000000000,1000.000000000000,trade,confirmed,
ad7c00e7-6aa7-4a35-bb1a-a38df83494e5,2026-08-24T11:36:51.132Z,sell,perpetual_future,SOL,95.683000000000,1000.000000000000,trade,confirmed,
a5fa54f0-05b7-453a-9c07-db92c9517896,2026-08-23T15:39:49.359Z,buy,perpetual_future,ZEC,845.904000000000,11.827500000000,trade,confirmed,
4a9d0973-a474-4b35-8d2d-d1cbddbf4160,2026-08-23T15:39:59.619Z,buy,perpetual_future,PENGU,0.008983000000,1113585.000000000000,trade,confirmed,
ce65d91b-9130-4b09-9a6e-4aed6cd2c0b1,2026-08-23T22:27:17.141Z,sell,perpetual_future,OVERTAKE,0.061730000000,50000.000000000000,trade,confirmed,
667a9d21-fa90-4f30-afab-9d015d70fd9e,2026-08-24T01:47:08.207Z,buy,perpetual_future,ENA,0.162200000000,61690.300000000000,trade,confirmed,
104ceb35-8375-42f2-8653-4de4f5f0325a,2026-08-24T02:04:18.914Z,buy,perpetual_future,POPCAT,0.056230000000,177841.000000000000,trade,confirmed,
1dd93fcc-47a3-4a89-a82e-bb1218de6155,2026-08-24T02:08:29.646Z,buy,perpetual_rwa_future,MU,950.951000000000,10.515300000000,trade,confirmed,
e28daf54-ab84-40a7-80b9-9406230f2a99,2026-08-24T02:11:47.964Z,buy,perpetual_future,LIGHTER,3.521790000000,709.750000000000,trade,confirmed,
834a1b3a-800a-4cd2-9755-1bc3cd8f369e,2026-08-24T02:35:20.988Z,buy,perpetual_future,LIGHTER,3.730480000000,3122.110000000000,trade,confirmed,
878edc2e-763b-45b6-b5b6-6ddb4e91a674,2026-08-24T02:35:36.794Z,buy,perpetual_future,LIGHTER,3.695800000000,10.620000000000,trade,confirmed,
916b7595-5d17-4004-8df0-16a6d6047a6d,2026-08-24T02:48:17.817Z,buy,perpetual_future,BTC,77268.510000000000,1.000000000000,trade,confirmed,
f29894c1-3e1d-4912-b599-bd93373b1c41,2026-08-24T02:48:18.909705Z,buy,perpetual_future,BTC,77238.240000000000,1.000000000000,trade,confirmed,
32ee2ba9-56d0-4567-a462-ecc6d7d7b1f7,2026-08-24T02:48:21.134Z,buy,perpetual_future,BTC,77218.110000000000,1.000000000000,trade,confirmed,
5fd1e738-3dee-464a-afd5-c9edb724f316,2026-08-24T02:48:22.208Z,buy,perpetual_future,BTC,77217.970000000000,1.000000000000,trade,confirmed,
23079167-dd13-46a6-b780-8893346ddbed,2026-08-24T02:48:23.376Z,buy,perpetual_future,BTC,77224.680000000000,1.000000000000,trade,confirmed,
dd051d38-a69e-4c2d-876f-b87f3c31a0d3,2026-08-24T02:48:24.539Z,buy,perpetual_future,BTC,77237.820000000000,1.000000000000,trade,confirmed,
2f73ea2d-e006-4e84-8751-45315eba2885,2026-08-24T02:48:25.538116Z,buy,perpetual_future,BTC,77240.520000000000,1.000000000000,trade,confirmed,
166ab41b-75b5-48ec-9cd8-d86f925bea16,2026-08-24T02:48:26.707851Z,buy,perpetual_future,BTC,77240.270000000000,1.000000000000,trade,confirmed,
373a6068-bfc3-450f-8350-3d664a9e5e5c,2026-08-24T02:48:27.971Z,buy,perpetual_future,BTC,77246.710000000000,1.000000000000,trade,confirmed,
7ece4ea7-7011-490b-bc02-2720f5388a99,2026-08-24T02:48:28.946Z,buy,perpetual_future,BTC,77247.210000000000,1.000000000000,trade,confirmed,
3beae427-8145-4589-b7d8-200e88dbf3be,2026-08-24T02:48:30.073Z,buy,perpetual_future,BTC,77246.710000000000,1.000000000000,trade,confirmed,
52c4b6ab-84d4-4225-8b86-0cbbc393e7fe,2026-08-24T02:48:31.279Z,buy,perpetual_future,BTC,77248.590000000000,1.000000000000,trade,confirmed,
abff86f3-09bd-45ff-982e-7865cb80ee91,2026-08-24T02:48:32.514Z,buy,perpetual_future,BTC,77244.270000000000,1.000000000000,trade,confirmed,
aafd99f9-94ee-47c0-be14-86dc753fc0ba,2026-08-24T02:48:33.769Z,buy,perpetual_future,BTC,77242.420000000000,1.000000000000,trade,confirmed,
7a536310-34eb-4371-8ad5-8b577c31f4dc,2026-08-24T02:48:36.122Z,sell,perpetual_future,BTC,77230.000000000000,1.000000000000,trade,confirmed,
915c3f42-13ef-42a9-bcee-f690ff83039f,2026-08-24T02:48:37.329Z,sell,perpetual_future,BTC,77230.350000000000,1.000000000000,trade,confirmed,
268e3b6e-b31c-47ef-bc1f-e14c3469896b,2026-08-24T02:48:38.386Z,sell,perpetual_future,BTC,77227.810000000000,1.000000000000,trade,confirmed,
c69359c9-e5ab-4abc-9c2f-34b1874a7e1e,2026-08-24T02:48:39.879Z,sell,perpetual_future,BTC,77227.650000000000,1.000000000000,trade,confirmed,
69390430-e6a1-4dde-a571-f5725d501ffe,2026-08-24T02:48:41.057Z,sell,perpetual_future,BTC,77239.300000000000,1.000000000000,trade,confirmed,
38087c36-f02d-4629-be47-d4e344246282,2026-08-24T02:48:42.237Z,sell,perpetual_future,BTC,77250.890000000000,1.000000000000,trade,confirmed,
d1e6b83d-49c9-41d1-b1b9-6eec04b7ab7e,2026-08-24T02:48:43.389Z,sell,perpetual_future,BTC,77253.460000000000,1.000000000000,trade,confirmed,
e74ccf8a-ea53-4c2d-adbf-0c1ca53bd4c6,2026-08-24T02:48:45.095Z,sell,perpetual_future,BTC,77247.120000000000,1.000000000000,trade,confirmed,
608b23e6-7584-4d97-8dab-6c36751b7ff4,2026-08-24T02:48:46.253Z,sell,perpetual_future,BTC,77249.250000000000,1.000000000000,trade,confirmed,
ef743083-ec7a-4435-b229-02301a42ae31,2026-08-24T02:48:47.555Z,sell,perpetual_future,BTC,77248.460000000000,1.000000000000,trade,confirmed,
5452b136-8cf0-4601-acd1-5a49f2e8db84,2026-08-24T02:48:48.791Z,sell,perpetual_future,BTC,77260.890000000000,1.000000000000,trade,confirmed,
adeeee37-3146-495b-9d33-06d43bc16a7d,2026-08-24T02:48:50.321Z,sell,perpetual_future,BTC,77260.430000000000,1.000000000000,trade,confirmed,
ad1a39be-7d3a-4ab2-82a5-c6ee24814ee4,2026-08-24T02:48:51.795Z,sell,perpetual_future,BTC,77277.980000000000,1.000000000000,trade,confirmed,
8156b49b-6ae5-49ed-b237-39b53d53dfc4,2026-08-24T02:48:53.334Z,sell,perpetual_future,BTC,77275.400000000000,1.000000000000,trade,confirmed,
c25974ff-11e3-40df-90cc-d7cf0f0e6148,2026-08-23T04:50:25.579386Z,buy,perpetual_future,ETH,2383.010000000000,0.440000000000,trade,confirmed,
f2173d2c-bae8-40e5-834d-fc95f5749915,2026-08-23T04:50:34.197650Z,buy,perpetual_future,ETH,2384.720000000000,44.000000000000,trade,confirmed,
b74d25ad-c004-4979-8011-c14220e245d0,2026-08-23T05:28:06.532Z,buy,perpetual_future,HYPE,78.580300000000,1000.000000000000,trade,confirmed,
f1ba54c9-1403-4a1a-8c64-f58822c40dc6,2026-08-23T05:30:35.439Z,sell,perpetual_future,LIGHTER,3.057400000000,3266.970000000000,trade,confirmed,
44ddcc51-ac75-41da-96f9-c7031f05c6b3,2026-08-23T05:53:02.764Z,sell,perpetual_future,LIGHTER,3.021420000000,6620.080000000000,trade,confirmed,
42b44cf3-0520-4a04-b3ba-598bfaeeaf70,2026-08-23T05:53:49.686Z,buy,perpetual_future,BTC,76114.630000000000,1.000000000000,trade,confirmed,
e653a1f5-2bed-437a-9746-cc62eaac620e,2026-08-23T05:53:50.769Z,buy,perpetual_future,BTC,76113.730000000000,1.000000000000,trade,confirmed,
713fb215-2038-4dd4-9f7d-0c027acbdc07,2026-08-23T05:53:51.737Z,buy,perpetual_future,BTC,76126.030000000000,1.000000000000,trade,confirmed,
77366fdb-1893-47cd-9483-53b03db5af4d,2026-08-23T05:53:52.706Z,buy,perpetual_future,BTC,76126.520000000000,1.000000000000,trade,confirmed,
26f60b6d-a37a-4d2a-9d6a-415908a72247,2026-08-23T05:53:53.573280Z,buy,perpetual_future,BTC,76135.560000000000,1.000000000000,trade,confirmed,
9dcb84da-8f27-4c1d-ba2a-da92f389afc5,2026-08-23T05:53:54.627Z,buy,perpetual_future,BTC,76135.490000000000,1.000000000000,trade,confirmed,
96026c7e-ebbc-41db-9f67-55da558a9165,2026-08-23T05:53:56.569Z,buy,perpetual_future,BTC,76131.090000000000,1.000000000000,trade,confirmed,
133db45e-eb83-4503-a457-fea13e311456,2026-08-23T05:53:57.605Z,buy,perpetual_future,BTC,76131.750000000000,1.000000000000,trade,confirmed,
3735f75b-a31a-4e1c-9c17-d84f743a738e,2026-08-23T05:53:58.963Z,buy,perpetual_future,BTC,76136.500000000000,1.000000000000,trade,confirmed,
bff153ce-a2ea-41fa-85e2-3e307962aacd,2026-08-23T05:54:00.138Z,buy,perpetual_future,BTC,76135.740000000000,1.000000000000,trade,confirmed,
abd2a301-3f14-48ba-99a1-03d431d120ed,2026-08-23T05:54:03.275Z,sell,perpetual_future,BTC,76128.400000000000,1.000000000000,trade,confirmed,
f826498b-b516-4843-ba21-72d89dc05894,2026-08-23T05:54:04.339Z,sell,perpetual_future,BTC,76124.410000000000,1.000000000000,trade,confirmed,
ab29ebe3-9055-4e73-9c3c-fd8f4b0399ff,2026-08-23T05:54:06.789Z,sell,perpetual_future,BTC,76105.610000000000,1.000000000000,trade,confirmed,
56250fcb-c98d-4a43-b071-36fa75468131,2026-08-23T05:54:07.910Z,sell,perpetual_future,BTC,76108.400000000000,1.000000000000,trade,confirmed,
edbe8e07-1e59-4d08-9161-663608bbb1b1,2026-08-23T05:54:10.788Z,sell,perpetual_future,BTC,76108.300000000000,1.000000000000,trade,confirmed,
8619fe03-1b2d-4c8b-9c54-d7d43f9f022f,2026-08-23T05:54:12.313Z,sell,perpetual_future,BTC,76108.010000000000,1.000000000000,trade,confirmed,
ca4fef47-eb24-48e1-b419-97300d31d179,2026-08-23T05:54:17.007Z,sell,perpetual_future,BTC,76115.110000000000,1.000000000000,trade,confirmed,
15eafe97-3efa-4f05-8694-442dec5b377d,2026-08-23T05:54:19.747Z,sell,perpetual_future,BTC,76119.590000000000,1.000000000000,trade,confirmed,
a53dc397-f1db-4777-a109-c0388c050130,2026-08-23T05:54:28.337335Z,sell,perpetual_future,BTC,76131.820000000000,1.000000000000,trade,confirmed,
40da1c28-750c-4d40-befe-9411209d0ac7,2026-08-23T05:54:33.413Z,sell,perpetual_future,BTC,76141.310000000000,1.000000000000,trade,confirmed,
8a0e34f0-4492-41f2-8055-85b90b2e3f38,2026-08-23T06:00:33.726Z,sell,perpetual_future,ETH,2372.290000000000,44.000000000000,trade,confirmed,
11f8d835-cc27-4341-92b2-59c9e34275d6,2026-08-23T06:00:38.297Z,sell,perpetual_future,HYPE,77.638300000000,1000.000000000000,trade,confirmed,
34dead2c-d24b-4a7d-b142-c946571ed03f,2026-08-23T06:21:03.869Z,buy,perpetual_future,HYPE,77.937900000000,384.889000000000,trade,confirmed,
83d7a9a0-cef0-4674-b009-97496a2c1c2e,2026-08-23T09:13:39.358Z,buy,perpetual_future,LIGHTER,3.309840000000,6044.570000000000,trade,confirmed,
d01dccc2-22d7-4a41-bfe2-54ca57591e01,2026-08-23T09:23:20.449Z,sell,perpetual_future,HYPE,78.965900000000,385.000000000000,trade,confirmed,
96dd9e80-dfb2-4a9f-b848-a615fbaee10b,2026-08-22T21:51:24.398Z,buy,perpetual_future,SUI,0.807900000000,12356.300000000000,trade,confirmed,
7db91b65-788a-48f2-a8f7-60f1f837c223,2026-08-23T01:32:29.112Z,buy,perpetual_future,ETH,2428.380000000000,44.000000000000,trade,confirmed,
d78aee47-6fb2-4ffc-bf2d-c81a16944b57,2026-08-23T01:47:49.302Z,buy,perpetual_future,ETH,2426.100000000000,10.000000000000,trade,confirmed,
57797f4a-b14d-406b-a126-c199a6edc19c,2026-08-23T02:22:33.324Z,sell,perpetual_future,ETH,2411.720000000000,40.000000000000,trade,confirmed,
5378335c-c401-4544-852c-f09b984e8408,2026-08-22T04:34:33.748Z,buy,perpetual_future,SOL,99.841400000000,999.945000000000,trade,confirmed,
5d6e6d94-6ee1-49ab-9821-2fcb831456b0,2026-08-22T04:43:16.415Z,sell,perpetual_future,SOL,101.869000000000,500.000000000000,trade,confirmed,
b970f1a4-3133-4a3a-be80-31f033094a79,2026-08-22T04:48:49.174Z,sell,perpetual_future,SOL,100.360000000000,499.945000000000,trade,confirmed,
e7a0bdb6-e8b8-4549-9120-cf2fcd2f3d4a,2026-08-22T04:49:31.815Z,sell,perpetual_future,LIGHTER,3.093390000000,1616.790000000000,trade,confirmed,
8e161ca3-e98c-40d3-be14-63bdbffcee96,2026-08-22T04:49:52.521Z,sell,perpetual_future,ZEC,820.669000000000,1.362100000000,trade,confirmed,
51e149bd-1ca8-48e1-950a-799a551f2b21,2026-08-22T05:08:12.462Z,buy,perpetual_future,ETH,2501.910000000000,44.000000000000,trade,confirmed,
526ecae4-c0c3-49a3-a399-ca93d5c01ad8,2026-08-22T05:08:53.112Z,buy,perpetual_future,ETH,2494.870000000000,44.000000000000,trade,confirmed,
d4d0b5a3-9d06-42a2-9027-00ae5e251a10,2026-08-22T05:10:25.847Z,buy,perpetual_future,SUI,0.804200000000,12071.400000000000,trade,confirmed,
ed943f55-d75d-4022-9bfa-051f208b1f5c,2026-08-22T05:10:49.197428Z,buy,perpetual_future,SOL,90.414700000000,1000.000000000000,trade,confirmed,
42696d47-1d6b-45fd-85a7-a63c90d16612,2026-08-22T05:11:06.040296Z,buy,perpetual_future,ETH,2403.350000000000,0.018310000000,trade,confirmed,
fe956438-719c-4727-8fc7-3b67ab5a790e,2026-08-22T05:12:38.362614Z,buy,perpetual_future,HYPE,76.756900000000,1000.000000000000,trade,confirmed,
445514af-97c2-4059-93f5-9e293c0887b3,2026-08-22T05:12:57.578Z,buy,perpetual_future,LIGHTER,2.663170000000,3231.940000000000,trade,confirmed,
c0c2fcde-b966-46b9-b5bf-c9204eec5693,2026-08-22T05:13:44.157555Z,buy,perpetual_future,ETH,2447.080000000000,44.000000000000,trade,confirmed,
b453a4f9-0d50-4447-a921-46e01fa0e15a,2026-08-22T05:17:16.116Z,buy,perpetual_future,PENGU,0.008258000000,1213592.000000000000,trade,confirmed,
bc2c7ad5-4628-40bc-8459-5d528358e3b2,2026-08-22T05:18:37.255Z,buy,perpetual_future,BNB,695.971000000000,30.000000000000,trade,confirmed,
3e9a479b-1b85-485b-b58a-02b9a3708608,2026-08-22T05:21:53.383Z,sell,perpetual_future,ETH,2426.900000000000,44.000000000000,trade,confirmed,
f70a9155-fc03-4fe0-939b-8991fc4d437f,2026-08-22T05:22:19.297583Z,sell,perpetual_future,SOL,93.222600000000,1000.000000000000,trade,confirmed,
a5b6b116-b04d-4904-9699-8124d4bf93b7,2026-08-22T05:22:24.349552Z,sell,perpetual_future,HYPE,77.991600000000,1000.000000000000,trade,confirmed,
c0cad4e6-5fcc-4892-a66e-1b3478766cf9,2026-08-22T05:23:20.117592Z,buy,perpetual_future,HYPE,78.162600000000,1000.000000000000,trade,confirmed,
5f8e82de-e920-4932-bba7-e93d7b0fe150,2026-08-22T05:23:27.066Z,buy,perpetual_future,ETH,2424.540000000000,44.000000000000,trade,confirmed,
847a17bb-e8a0-467f-8816-b1a8863fe07d,2026-08-22T05:24:01.485Z,buy,perpetual_future,SOL,93.632800000000,1000.000000000000,trade,confirmed,
dc354ddc-5bf5-41cf-89a5-b5f483e469af,2026-08-22T05:25:57.508Z,sell,perpetual_rwa_future,SNDK,1589.430000000000,12.261490000000,trade,confirmed,
0616340e-7b8e-48e0-99b1-02dadfa04d1c,2026-08-22T05:26:00.636Z,sell,perpetual_rwa_future,MU,955.990000000000,20.318500000000,trade,confirmed,
4a375cf3-b8b9-4a58-9e1b-445f1150249b,2026-08-22T05:30:15.477547Z,sell,perpetual_future,ETH,2432.040000000000,44.000000000000,trade,confirmed,
f4dcb864-13a5-4c7a-b9db-16dfb6cafe59,2026-08-22T05:31:45.020Z,sell,perpetual_future,SUI,0.833500000000,11990.400000000000,trade,confirmed,
edf5d6de-434d-4bde-89cd-baa9d6baddcf,2026-08-22T05:32:24.020Z,buy,perpetual_future,ETH,2434.980000000000,44.000000000000,trade,confirmed,
cdaa5864-74f0-4f6b-b292-d4216e82ad33,2026-08-22T05:43:48.160Z,sell,perpetual_future,ETH,2422.260000000000,664.989610000000,trade,confirmed,
cca1bf27-2f7c-4e5f-99a4-9256c3bc6840,2026-08-22T05:44:12.180Z,buy,perpetual_future,ETH,2427.710000000000,100.000000000000,trade,confirmed,
8c7d0bf8-bd63-45c9-aea1-94e8ff48cc9c,2026-08-22T05:44:13.572Z,buy,perpetual_future,ETH,2427.480000000000,100.000000000000,trade,confirmed,
88111b2a-db0f-48b1-a18f-6ed6c49991a4,2026-08-22T05:44:14.960Z,buy,perpetual_future,ETH,2428.200000000000,100.000000000000,trade,confirmed,
33b4c3b1-42fd-4288-9070-2d92dfc197d4,2026-08-22T05:44:18.350Z,buy,perpetual_future,ETH,2427.970000000000,100.000000000000,trade,confirmed,
7a8f33a9-d042-4f0a-9272-843dc192c501,2026-08-22T05:44:19.332Z,buy,perpetual_future,ETH,2428.040000000000,100.000000000000,trade,confirmed,
5ecb2089-6124-4766-ac68-5cfbb4ac428a,2026-08-22T05:44:21.138Z,buy,perpetual_future,ETH,2427.490000000000,100.000000000000,trade,confirmed,
34f21212-0b8f-4cea-b13b-04c0bc52317e,2026-08-22T05:44:27.962Z,buy,perpetual_future,ETH,2428.690000000000,64.000000000000,trade,confirmed,
1b702de5-f29d-4869-975e-f8f02effcbec,2026-08-22T06:12:28.186Z,sell,perpetual_future,ETH,2429.410000000000,12.000000000000,trade,confirmed,
96ee3f27-6d33-4c72-9289-94a6ff31e031,2026-08-22T06:22:11.432Z,sell,perpetual_future,ETH,2428.330000000000,32.000000000000,trade,confirmed,
6c88f041-0d96-4e3a-87ee-50232fb1f8c8,2026-08-22T06:35:43.043Z,buy,perpetual_future,ETH,2419.410000000000,44.000000000000,trade,confirmed,
d71af207-25e7-43b8-ad53-2090a3debeb5,2026-08-22T06:37:41.444Z,sell,perpetual_future,ETH,2429.060000000000,44.000000000000,trade,confirmed,
e36df259-54c6-4a81-82b6-5bd8a8b394b6,2026-08-22T09:02:51.942Z,sell,perpetual_future,HYPE,76.764700000000,1000.000000000000,trade,confirmed,
cd48c29a-7aa9-4aae-8fb1-acbee28d7c8a,2026-08-22T09:03:06.733Z,sell,perpetual_future,SOL,93.481900000000,1000.000000000000,trade,confirmed,
4ff6fa4b-452b-4fac-8d63-8a9b7b8e121d,2026-08-22T09:04:10.220Z,sell,perpetual_future,PENGU,0.008437000000,1185255.000000000000,trade,confirmed,
d83d1274-982f-459b-8cf8-44e3187cf37d,2026-08-22T09:04:15.471Z,sell,perpetual_future,SUI,0.839200000000,11906.100000000000,trade,confirmed,
818c9bba-b3a5-4d9f-8871-e5a1cfc654a9,2026-08-22T09:04:41.155Z,sell,perpetual_future,ONDO,0.372100000000,26301.900000000000,trade,confirmed,
72062492-1332-4928-a0ca-fd7d25dfb0b5,2026-08-22T09:04:58.348Z,sell,perpetual_future,USELESS,0.062860000000,31748.000000000000,trade,confirmed,
46655fad-ba52-4b5b-9c51-1d5d395e6ee3,2026-08-22T10:23:10.369Z,buy,perpetual_future,SUI,0.811300000000,12325.800000000000,trade,confirmed,
b89dfc2f-f760-40a6-ab4d-6b22befa86bd,2026-08-22T11:38:12.946Z,buy,perpetual_future,ZEC,791.608000000000,0.126400000000,trade,confirmed,
588bb82a-309e-41fb-ad9c-e9f7248e4ba6,2026-08-22T13:07:37.389Z,sell,perpetual_future,LIGHTER,3.178270000000,1571.400000000000,trade,confirmed,
899708f9-d6b5-4f22-b248-b85bb9e932b0,2026-08-22T13:07:38.502Z,sell,perpetual_future,LIGHTER,3.178430000000,1573.180000000000,trade,confirmed,
c49c76d9-e5fc-47c7-9cee-a8c89768a81f,2026-08-22T13:40:18.975Z,buy,perpetual_rwa_future,SNDK,1599.070000000000,6.253630000000,trade,confirmed,
0c992dd4-78d7-470f-b1de-8ce1959507c8,2026-08-22T13:40:29.845Z,buy,perpetual_rwa_future,MU,960.953000000000,10.406300000000,trade,confirmed,
a07eb536-103b-4851-b269-02bfbda0c0ee,2026-08-22T13:43:34.198Z,sell,perpetual_rwa_future,MU,960.388000000000,10.406300000000,trade,confirmed,
53db8486-7cfd-4cc1-ada9-aedeaf578d83,2026-08-22T13:43:38.013Z,sell,perpetual_rwa_future,SNDK,1598.340000000000,6.253630000000,trade,confirmed,
ecd751f7-0a8b-49c1-95b4-be7883da841a,2026-08-22T14:27:12.916Z,buy,perpetual_future,LIGHTER,3.100540000000,1611.740000000000,trade,confirmed,
b3c64cc0-c5f0-48a6-a18b-a945f81303ae,2026-08-22T15:08:10.231Z,buy,perpetual_future,LIGHTER,3.123570000000,1532.840000000000,trade,confirmed,
f0485b95-a4b7-4c6c-a0ff-420100b73013,2026-08-21T22:33:33.410Z,buy,perpetual_future,ENA,0.140100000000,71377.500000000000,trade,confirmed,
b24782b2-da65-43ef-9659-d34000cb2ea5,2026-08-21T22:57:37.808Z,buy,perpetual_future,SOL,94.560700000000,1000.000000000000,trade,confirmed,
33a489e9-26a8-4f4e-8f1a-a4c91cab92d2,2026-08-21T22:57:50.306Z,buy,perpetual_future,BNB,691.589000000000,70.000000000000,trade,confirmed,
a6d4fd05-50df-4fb5-9754-73906b53b9fa,2026-08-21T22:58:47.226Z,buy,perpetual_future,ZEC,733.817000000000,1.362100000000,trade,confirmed,
cbd666d2-acdd-458e-ae2d-0126e280b0fe,2026-08-21T22:59:02.723Z,sell,perpetual_future,LIGHTER,3.094210000000,1615.150000000000,trade,confirmed,
f365caec-a962-406c-8520-26711e400422,2026-08-21T23:05:11.491Z,sell,perpetual_future,SOL,93.897600000000,1000.000000000000,trade,confirmed,
905183e6-7836-4967-8187-afcd8ab9d108,2026-08-21T23:05:19.679Z,sell,perpetual_future,BNB,689.798000000000,70.000000000000,trade,confirmed,
d6e69e10-9216-45a1-b0f9-2a200c916520,2026-08-22T02:47:56.535Z,sell,perpetual_future,ETH,2504.140000000000,44.000000000000,trade,confirmed,
d75b6b43-984b-44cd-bd1d-317847fd2ab1,2026-08-22T03:22:06.166Z,sell,perpetual_future,ETH,2521.790000000000,44.000000000000,trade,confirmed,
da753c5e-d57a-47e9-b276-324592d8410f,2026-08-21T05:57:37.661Z,sell,perpetual_future,BTC,75343.340000000000,1.000000000000,trade,confirmed,
4fb3c648-19ea-493f-980d-d437777d6bfc,2026-08-21T05:57:38.389Z,sell,perpetual_future,BTC,75343.400000000000,1.000000000000,trade,confirmed,
91ef9889-e285-41bb-b3fe-e0acb4d9f734,2026-08-21T05:57:39.283Z,sell,perpetual_future,BTC,75342.780000000000,1.000000000000,trade,confirmed,
82481e4c-957d-424e-9ad2-8f500f43412b,2026-08-21T05:57:40.248Z,sell,perpetual_future,BTC,75342.840000000000,1.000000000000,trade,confirmed,
045ee8b4-e37f-4f2d-bb39-c87bdfb9f19f,2026-08-21T05:57:41.220Z,sell,perpetual_future,BTC,75342.840000000000,1.000000000000,trade,confirmed,
cfa48edf-ca4b-454c-8171-2570327927f0,2026-08-21T05:57:42.456Z,sell,perpetual_future,BTC,75336.480000000000,1.000000000000,trade,confirmed,
f1bc98a4-f473-4488-8228-98e2bd7da1d4,2026-08-21T05:57:43.421Z,sell,perpetual_future,BTC,75341.760000000000,1.000000000000,trade,confirmed,
d7d76849-b10f-4fc8-8233-6359e91bab23,2026-08-21T05:57:45.218418Z,sell,perpetual_future,BTC,75340.750000000000,1.000000000000,trade,confirmed,
79721545-7f49-43a0-be20-d809d15d115c,2026-08-21T05:57:46.197409Z,sell,perpetual_future,BTC,75341.350000000000,1.000000000000,trade,confirmed,
729ef024-8968-4723-aca3-e8099c48352d,2026-08-21T05:57:47.357Z,sell,perpetual_future,BTC,75342.040000000000,1.000000000000,trade,confirmed,
1055196b-554f-46df-9cd0-a4733fe0d22a,2026-08-21T05:57:49.664Z,buy,perpetual_future,BTC,75360.340000000000,1.000000000000,trade,confirmed,
fdd40f00-eea5-4599-9171-211bca452306,2026-08-21T05:57:50.623Z,buy,perpetual_future,BTC,75359.440000000000,1.000000000000,trade,confirmed,
06469083-10f7-4dac-a9d4-b876718885ac,2026-08-21T05:57:51.817Z,buy,perpetual_future,BTC,75366.190000000000,1.000000000000,trade,confirmed,
5193887c-ad78-4384-8c8c-69d9dbf60855,2026-08-21T05:57:52.779Z,buy,perpetual_future,BTC,75366.330000000000,1.000000000000,trade,confirmed,
f139597d-51d0-4b2f-aafd-2eea46f8f2fc,2026-08-21T05:57:54.037Z,buy,perpetual_future,BTC,75357.650000000000,1.000000000000,trade,confirmed,
08acee99-a5a0-461f-b48c-731533c5d31a,2026-08-21T05:57:55.318580Z,buy,perpetual_future,BTC,75353.640000000000,1.000000000000,trade,confirmed,
a1dd0045-cbc5-4f63-99a4-376d1b6af8cb,2026-08-21T05:57:56.453Z,buy,perpetual_future,BTC,75355.150000000000,1.000000000000,trade,confirmed,
b597ac87-e732-4516-ab2d-598955da1c59,2026-08-21T05:57:57.864Z,buy,perpetual_future,BTC,75353.720000000000,1.000000000000,trade,confirmed,
c8aec69d-bad6-4d78-9612-30ddf9a9acb8,2026-08-21T05:57:59.260Z,buy,perpetual_future,BTC,75357.450000000000,1.000000000000,trade,confirmed,
6752f965-0126-46e1-b8e8-52526de86e50,2026-08-21T05:58:00.216Z,buy,perpetual_future,BTC,75361.330000000000,1.000000000000,trade,confirmed,
6596a141-528a-46f5-959d-43f4764f4def,2026-08-21T07:02:04.017Z,sell,perpetual_future,BTC,75588.780000000000,1.000000000000,trade,confirmed,
7900fb58-a12e-44f2-bd7c-4edd56ec5a5d,2026-08-21T07:02:06.517551Z,sell,perpetual_future,BTC,75582.920000000000,1.000000000000,trade,confirmed,
616e6d90-bca1-4992-91b3-8853721a8bfe,2026-08-21T07:02:07.572Z,sell,perpetual_future,BTC,75582.500000000000,1.000000000000,trade,confirmed,
7f26a240-51cc-4bcc-9fe0-597ecbaf0d01,2026-08-21T07:02:08.859Z,sell,perpetual_future,BTC,75584.180000000000,1.000000000000,trade,confirmed,
7b42e6ae-9efe-4977-ba61-1d256fbce850,2026-08-21T07:02:10.048Z,sell,perpetual_future,BTC,75595.190000000000,1.000000000000,trade,confirmed,
a078246e-4f6c-47e6-9cff-e7fd971484a1,2026-08-21T07:02:11.409Z,sell,perpetual_future,BTC,75599.990000000000,1.000000000000,trade,confirmed,
440c4bdc-d422-47b6-8763-a6545641eda4,2026-08-21T07:02:12.582Z,sell,perpetual_future,BTC,75598.790000000000,1.000000000000,trade,confirmed,
7dd12c2e-7656-494f-a298-3f1a1a398346,2026-08-21T07:02:14.003Z,sell,perpetual_future,BTC,75597.530000000000,1.000000000000,trade,confirmed,
a18ffa94-81e3-4fac-b850-5ed0bdef7615,2026-08-21T07:02:15.401Z,sell,perpetual_future,BTC,75638.740000000000,1.000000000000,trade,confirmed,
3895bcd9-5b9c-4c58-829c-525347861ff9,2026-08-21T07:02:16.677397Z,sell,perpetual_future,BTC,75610.220000000000,1.000000000000,trade,confirmed,
97f8a1aa-0018-4b4f-b6ae-af4c801863e6,2026-08-21T07:02:18.588Z,buy,perpetual_future,BTC,75640.680000000000,1.000000000000,trade,confirmed,
8d2882be-04e0-4cd5-8413-3149fcac4062,2026-08-21T07:02:19.789Z,buy,perpetual_future,BTC,75645.430000000000,1.000000000000,trade,confirmed,
34368c47-ae51-4bb8-9565-dc7f27dee39d,2026-08-21T07:02:21.167863Z,buy,perpetual_future,BTC,75643.140000000000,1.000000000000,trade,confirmed,
63f17b3d-1693-40c2-83d0-69e5c4bc4eaa,2026-08-21T07:02:22.548Z,buy,perpetual_future,BTC,75649.450000000000,1.000000000000,trade,confirmed,
88bfe7b3-5925-46f3-a86e-e3a247845d81,2026-08-21T07:02:23.957347Z,buy,perpetual_future,BTC,75649.050000000000,1.000000000000,trade,confirmed,
02181ef4-429a-4564-b224-505e15c7fdfe,2026-08-21T07:02:25.337418Z,buy,perpetual_future,BTC,75651.040000000000,1.000000000000,trade,confirmed,
a0a4d204-8d13-40c6-b629-a79b65fafa38,2026-08-21T07:02:28.767662Z,buy,perpetual_future,BTC,75650.000000000000,1.000000000000,trade,confirmed,
8bd1424e-9cbe-49a0-8c70-8deac9c470fa,2026-08-21T07:02:30.051Z,buy,perpetual_future,BTC,75650.460000000000,1.000000000000,trade,confirmed,
c7cbd909-2524-462a-9df2-5c9f20af8a53,2026-08-21T07:02:31.203Z,buy,perpetual_future,BTC,75656.850000000000,1.000000000000,trade,confirmed,
84885fa8-afaf-4b25-89c5-810ae7a569c8,2026-08-21T07:02:32.718Z,buy,perpetual_future,BTC,75656.900000000000,1.000000000000,trade,confirmed,
5d871b6b-04a1-49ab-86b5-fdd94e2c760c,2026-08-21T07:02:34.017Z,buy,perpetual_future,BTC,75658.190000000000,1.000000000000,trade,confirmed,
1b9c9f6f-4e0d-47f2-b654-c181a60c5634,2026-08-21T07:02:35.409Z,buy,perpetual_future,BTC,75664.470000000000,1.000000000000,trade,confirmed,
5d081b12-d150-4213-96c2-2acc2524be34,2026-08-21T07:02:36.692Z,buy,perpetual_future,BTC,75664.990000000000,1.000000000000,trade,confirmed,
a957edfd-f8af-4014-86a9-420655a13dea,2026-08-21T07:02:38.407Z,buy,perpetual_future,BTC,75660.280000000000,1.000000000000,trade,confirmed,
de8bb7cc-f0e2-4bc2-b0ce-e0ce92196c9a,2026-08-21T07:02:39.561Z,buy,perpetual_future,BTC,75695.450000000000,1.000000000000,trade,confirmed,
e0817d10-2b35-4f7e-af6d-199a29f84179,2026-08-21T07:02:41.080478Z,buy,perpetual_future,BTC,75703.980000000000,1.000000000000,trade,confirmed,
1dbe5a41-ab78-4fe6-a101-2446d07e026f,2026-08-21T07:02:42.253545Z,buy,perpetual_future,BTC,75730.670000000000,1.000000000000,trade,confirmed,
b1af56ce-48e2-42fd-a4bc-4073aea033c5,2026-08-21T07:02:43.745Z,buy,perpetual_future,BTC,75730.970000000000,1.000000000000,trade,confirmed,
6cf29887-ec94-4703-97e6-2176acbe48e3,2026-08-21T07:02:48.977Z,sell,perpetual_future,BTC,75739.710000000000,1.000000000000,trade,confirmed,
89341a24-58cd-4948-b62a-bfb7f81d005a,2026-08-21T07:02:50.257Z,sell,perpetual_future,BTC,75743.860000000000,1.000000000000,trade,confirmed,
4f877e06-dabc-49ab-a221-aff43056abdc,2026-08-21T07:02:51.539Z,sell,perpetual_future,BTC,75731.160000000000,1.000000000000,trade,confirmed,
c0406d6a-76aa-4aa0-99bd-5b0be711f77e,2026-08-21T07:02:53.148Z,sell,perpetual_future,BTC,75733.230000000000,1.000000000000,trade,confirmed,
d0f6893d-bf25-4c23-a72d-28a9b3d5d7f7,2026-08-21T07:02:54.460Z,sell,perpetual_future,BTC,75756.330000000000,1.000000000000,trade,confirmed,
4cb00c2b-f806-405e-ad89-c68e2961188a,2026-08-21T07:02:55.959427Z,sell,perpetual_future,BTC,75763.900000000000,1.000000000000,trade,confirmed,
63e42c4a-1049-49dd-994a-0a054808d112,2026-08-21T07:02:59.171Z,sell,perpetual_future,BTC,75761.340000000000,1.000000000000,trade,confirmed,
cc60398e-353a-4586-a4dc-bd64de9392a5,2026-08-21T07:03:01.077590Z,sell,perpetual_future,BTC,75761.620000000000,1.000000000000,trade,confirmed,
eb535f4c-1de9-4e3b-8645-75ff4e526121,2026-08-21T07:04:45.903Z,sell,perpetual_future,BTC,75670.070000000000,1.000000000000,trade,confirmed,
6dc18fe9-d03d-4091-b76e-ab50c915740d,2026-08-21T07:04:46.969Z,sell,perpetual_future,BTC,75655.790000000000,1.000000000000,trade,confirmed,
d11da0ce-991d-474f-926f-d657f3c52697,2026-08-21T07:04:48.237Z,sell,perpetual_future,BTC,75649.680000000000,1.000000000000,trade,confirmed,
1bf82084-12a8-4dc0-841d-5fdcd3b1a810,2026-08-21T07:04:49.212Z,sell,perpetual_future,BTC,75648.210000000000,1.000000000000,trade,confirmed,
a16aa1f5-d3db-46dc-91ee-823007edd747,2026-08-21T07:04:51.633Z,buy,perpetual_future,BTC,75662.550000000000,1.000000000000,trade,confirmed,
ec617445-c95a-43aa-b9f3-9dff312285e9,2026-08-21T07:04:53.368Z,buy,perpetual_future,BTC,75657.590000000000,1.000000000000,trade,confirmed,
c1308c0b-e9ad-43f9-acc4-e93ce5bee242,2026-08-21T07:04:54.628Z,buy,perpetual_future,BTC,75663.610000000000,1.000000000000,trade,confirmed,
cd9cffa7-779a-4ff7-a333-25c952cf77b5,2026-08-21T07:04:56.151Z,buy,perpetual_future,BTC,75665.000000000000,1.000000000000,trade,confirmed,
602f5511-7cfa-436f-9aee-7cc45555a891,2026-08-21T08:14:38.337313Z,sell,perpetual_future,ETH,2382.350000000000,44.000000000000,trade,confirmed,
6419c85d-097d-496b-a2cd-afd9151b7493,2026-08-21T08:28:09.162Z,buy,perpetual_future,ETH,2387.720000000000,44.000000000000,trade,confirmed,
cda4983c-e812-4407-baac-8fb5a00e7b63,2026-08-21T08:31:45.182Z,buy,perpetual_future,ETH,2391.550000000000,10.000000000000,trade,confirmed,
a0bccff6-d92e-449e-88d9-248cbe816f1f,2026-08-21T08:37:07.633Z,buy,perpetual_future,BTC,77438.240000000000,1.000000000000,trade,confirmed,
436994b5-f392-4689-bbb9-26ded14dfe29,2026-08-21T09:02:41.922Z,buy,perpetual_future,ETH,2403.920000000000,44.000000000000,trade,confirmed,
01752937-7b35-4c45-86ed-b01257683d6b,2026-08-21T09:03:49.042Z,buy,perpetual_future,ETH,2398.950000000000,44.000000000000,trade,confirmed,
a170e59f-7428-4630-82d2-0128ad4efb93,2026-08-21T09:07:25.478Z,buy,perpetual_future,ETH,2384.690000000000,44.000000000000,trade,confirmed,
704609c6-5336-4a2f-8dfa-4d120f5cf178,2026-08-21T09:10:03.300Z,sell,perpetual_future,ETH,2395.990000000000,44.000000000000,trade,confirmed,
74f19566-535b-4f19-8ee0-8af68a9edc2a,2026-08-21T09:12:04.896Z,sell,perpetual_future,ETH,2400.450000000000,44.000000000000,trade,confirmed,
c9a6535a-815e-458c-a343-f2c3fe278ddc,2026-08-21T09:18:40.580Z,sell,perpetual_future,ETH,2397.030000000000,34.000000000000,trade,confirmed,
8f397ad0-7146-445d-8a95-4137a6010a3f,2026-08-21T10:16:40.921Z,buy,perpetual_future,HYPE,75.447200000000,500.000000000000,trade,confirmed,
99194f6c-1238-4d10-999b-a2fe27c8bbc3,2026-08-21T10:22:57.157Z,sell,perpetual_future,HYPE,75.059700000000,500.000000000000,trade,confirmed,
708af154-6497-4a71-b0a0-d2fa1e69d0b3,2026-08-21T11:48:45.773Z,buy,perpetual_future,BTC,76680.060000000000,1.000000000000,trade,confirmed,
1f84115a-d2ef-42c1-bd65-2d6e82595153,2026-08-21T11:48:46.833Z,buy,perpetual_future,BTC,76678.750000000000,1.000000000000,trade,confirmed,
ffa75568-2eef-4971-b6c9-3c334c94a524,2026-08-21T11:48:47.921Z,buy,perpetual_future,BTC,76672.340000000000,1.000000000000,trade,confirmed,
60c5c5ef-a6f3-4f76-b359-a9aab0ec04d2,2026-08-21T11:48:49.072Z,buy,perpetual_future,BTC,76685.630000000000,1.000000000000,trade,confirmed,
c4af2721-ff9a-40ab-b229-74e9ee87258a,2026-08-21T11:48:50.267Z,buy,perpetual_future,BTC,76692.070000000000,1.000000000000,trade,confirmed,
c9d767db-b460-42b6-af03-6c5d99279459,2026-08-21T11:48:51.456Z,buy,perpetual_future,BTC,76693.920000000000,1.000000000000,trade,confirmed,
4e368a26-48f2-4e30-8bd2-a791ab350c8c,2026-08-21T11:48:52.459Z,buy,perpetual_future,BTC,76708.220000000000,1.000000000000,trade,confirmed,
01b74ce7-19eb-4c18-8f2f-7f19f881cca3,2026-08-21T11:48:53.617Z,buy,perpetual_future,BTC,76710.350000000000,1.000000000000,trade,confirmed,
6782ecbc-6a3e-40d3-99d8-c0f02a6ebf8e,2026-08-21T11:49:01.928Z,sell,perpetual_future,BTC,76702.000000000000,1.000000000000,trade,confirmed,
5d491703-a87a-455f-83cc-7e1b5ce46ea7,2026-08-21T11:49:03.355Z,sell,perpetual_future,BTC,76665.210000000000,1.000000000000,trade,confirmed,
58d204b4-606a-4b52-a74f-837103fc1fdb,2026-08-21T11:49:21.781148Z,sell,perpetual_future,BTC,76668.610000000000,1.000000000000,trade,confirmed,
61e23534-cd0f-4bf3-ba44-29fbe50700cc,2026-08-21T11:49:30.381Z,sell,perpetual_future,BTC,76660.070000000000,1.000000000000,trade,confirmed,
a3e6d6a2-5d1d-4cc6-9f4a-81277068c3e3,2026-08-21T11:49:34.660Z,sell,perpetual_future,BTC,76661.580000000000,1.000000000000,trade,confirmed,
cef32524-afb1-45ef-96c9-bb1c66ba5dee,2026-08-21T11:49:36.577Z,sell,perpetual_future,BTC,76663.790000000000,1.000000000000,trade,confirmed,
8826e627-95ca-4e12-9606-408e8c5535a9,2026-08-21T11:49:41.057448Z,sell,perpetual_future,BTC,76663.660000000000,1.000000000000,trade,confirmed,
deb8a544-9ed3-4109-bcdb-18f5896e4a19,2026-08-21T11:49:42.669Z,sell,perpetual_future,BTC,76656.220000000000,1.000000000000,trade,confirmed,
b385bb3b-7830-4dd2-8e1d-115bdc67d29f,2026-08-21T11:52:09.029Z,buy,perpetual_future,SUI,0.787600000000,12698.400000000000,trade,confirmed,
b401781d-a96c-4322-949f-27ec68f86c6a,2026-08-21T11:52:59.309Z,buy,perpetual_future,PENGU,0.007713000000,1296008.000000000000,trade,confirmed,
4e650a54-a76c-4c12-99e7-f8e4e5122851,2026-08-21T11:53:05.389Z,buy,perpetual_future,NEAR,1.888980000000,5296.660000000000,trade,confirmed,
c65113ec-e3c0-4679-907d-d9f5f4f58d44,2026-08-21T11:54:20.419Z,buy,perpetual_future,USELESS,0.057100000000,175131.000000000000,trade,confirmed,
8c7ccaf4-d156-45b1-820b-8fee21a6cff3,2026-08-21T12:42:48.241Z,buy,perpetual_future,SUI,0.799800000000,12504.600000000000,trade,confirmed,
c5785f52-c13c-4204-bfaa-d3437906341c,2026-08-21T12:42:54.623Z,buy,perpetual_future,PENGU,0.007820000000,1279754.000000000000,trade,confirmed,
ef6354f9-20d5-4b7d-a52f-749ef22cdb59,2026-08-21T12:43:14.926Z,buy,perpetual_future,USELESS,0.058910000000,16972.000000000000,trade,confirmed,
d90760e3-e527-4e10-ac87-dfce398ca42e,2026-08-21T12:43:22.387Z,buy,perpetual_future,USELESS,0.058900000000,16986.000000000000,trade,confirmed,
f90ab032-c5b5-4df4-be7e-e01ed6df3585,2026-08-21T12:43:38.880Z,buy,perpetual_future,NEAR,1.896000000000,5274.260000000000,trade,confirmed,
279e0093-ad6d-4f16-b54b-7d7973cfb4e9,2026-08-21T12:43:58.234Z,buy,perpetual_future,ONDO,0.380100000000,26301.900000000000,trade,confirmed,
1e0aa4cf-4237-4169-abc1-494efcd9b00e,2026-08-21T14:07:43.585Z,buy,perpetual_future,HYPE,76.065300000000,1000.000000000000,trade,confirmed,
6882b3e9-d2cd-48fb-9f3a-9bee58dc506e,2026-08-21T14:21:26.190Z,sell,perpetual_future,PENGU,0.007964000000,627825.000000000000,trade,confirmed,
8bef2ca9-73d8-4cc9-9dda-e61a000c9ea2,2026-08-21T14:21:26.190Z,sell,perpetual_future,PENGU,0.007965000000,627825.000000000000,trade,confirmed,
0e79a682-5fbc-4a19-b995-8a59092de2a8,2026-08-21T14:41:28.527Z,sell,perpetual_rwa_future,SNDK,1583.400000000000,6.316680000000,trade,confirmed,
a3a17c85-8763-485c-a26f-a2e08b833f2a,2026-08-21T14:43:22.538889Z,sell,perpetual_future,HYPE,76.914700000000,1000.000000000000,trade,confirmed,
622e165e-6575-4b7e-be4f-86914c1e3786,2026-08-21T14:45:43.512Z,buy,perpetual_future,ENA,0.145800000000,68587.100000000000,trade,confirmed,
e2e6fb86-519c-4093-92d9-b3a29d1dcc36,2026-08-21T15:24:08.862Z,buy,perpetual_future,PENGU,0.008480000000,1179245.000000000000,trade,confirmed,
292ab6fd-64a6-42f3-b4f9-b72b2fcbff69,2026-08-20T15:31:57.514174Z,sell,perpetual_future,BTC,72560.580000000000,1.000000000000,trade,confirmed,
8cb5bfd5-3355-428c-8241-49fd20247096,2026-08-20T12:07:07.021Z,buy,perpetual_rwa_future,NBIS,222.973000000000,44.892500000000,trade,confirmed,
4cd135f8-be36-45de-8c43-fa84ef987902,2026-08-20T12:23:12.042Z,sell,perpetual_rwa_future,DRAM,55.790000000000,158.823000000000,trade,confirmed,
640a5af4-32c4-4a2e-9469-6cbd6f25c483,2026-08-20T13:51:56.190Z,sell,perpetual_rwa_future,NBIS,214.742000000000,44.892500000000,trade,confirmed,
2fa22855-f70f-4d2c-b718-59db3653633e,2026-08-19T15:44:33.906Z,sell,perpetual_future,ETH,2082.660000000000,40.000000000000,trade,confirmed,
479b4d9d-9cac-4d6f-b9d2-b4ad8c575ac5,2026-08-19T15:44:52.677435Z,buy,perpetual_future,ETH,2084.510000000000,1.000000000000,trade,confirmed,
053c0ab1-526d-4a1c-a876-31d4cef60cda,2026-08-19T20:59:01.111Z,sell,perpetual_rwa_future,ANTHROPIC,1811.290000000000,1.117980000000,trade,confirmed,
e2dec69f-86f1-4dd6-a3b2-fd8436e0d430,2026-08-19T21:23:12.004Z,buy,perpetual_future,BTC,69604.050000000000,5.000000000000,trade,confirmed,
caacb6c7-6c08-4642-a4b9-8939cc235e1a,2026-08-19T21:23:14.986Z,buy,perpetual_future,BTC,69608.900000000000,5.000000000000,trade,confirmed,
45365d8b-476b-4765-9057-574ccbfff963,2026-08-19T21:23:19.036Z,buy,perpetual_future,BTC,69620.310000000000,5.000000000000,trade,confirmed,
a4535133-88b0-4b19-9ae2-e1431627abb2,2026-08-19T21:23:22.966Z,buy,perpetual_future,BTC,69615.630000000000,5.000000000000,trade,confirmed,
7c4410f5-8172-4559-8e82-650b58b7797d,2026-08-19T21:23:29.548Z,buy,perpetual_future,BTC,69623.380000000000,5.000000000000,trade,confirmed,
051be71b-f2c9-4b9a-92cb-2aa376cfea14,2026-08-19T21:23:35.388Z,buy,perpetual_future,BTC,69645.140000000000,5.000000000000,trade,confirmed,
a73e5dbd-30f1-47df-8f8e-3aa4e0800cc0,2026-08-19T21:24:24.900Z,sell,perpetual_future,ETH,2266.870000000000,10.000000000000,trade,confirmed,
672d5576-1851-4436-bb23-78aefc7b78a8,2026-08-19T21:24:27.020Z,sell,perpetual_future,ETH,2268.400000000000,10.000000000000,trade,confirmed,
4b44dc21-3b60-45b1-993e-94685ca9d182,2026-08-19T21:24:29.262Z,sell,perpetual_future,ETH,2267.790000000000,10.000000000000,trade,confirmed,
e2d6bb27-f373-4760-b2bb-925fca1c72fd,2026-08-19T21:24:30.980Z,sell,perpetual_future,ETH,2267.800000000000,10.000000000000,trade,confirmed,
78f204bd-a3df-40cd-bb91-d5a460504f14,2026-08-19T21:24:32.886Z,sell,perpetual_future,ETH,2269.050000000000,10.000000000000,trade,confirmed,
2056d889-6dd0-4cb1-81e8-ec587e604416,2026-08-19T21:24:34.574Z,sell,perpetual_future,ETH,2269.880000000000,10.000000000000,trade,confirmed,
bfa100de-c4f5-4196-93f3-7cf2ab6c0f04,2026-08-19T21:24:36.936Z,sell,perpetual_future,ETH,2266.660000000000,10.000000000000,trade,confirmed,
9a66386f-2531-476e-9843-251a07277873,2026-08-19T21:24:38.834Z,sell,perpetual_future,ETH,2269.500000000000,10.000000000000,trade,confirmed,
ea072a00-7fa1-4856-bff4-694982063604,2026-08-19T21:24:41.490Z,sell,perpetual_future,ETH,2267.640000000000,10.000000000000,trade,confirmed,
651ef7a8-de32-472a-aab6-554e164f3b96,2026-08-19T21:24:43.726Z,sell,perpetual_future,ETH,2268.010000000000,10.000000000000,trade,confirmed,
5dfab771-2d21-4838-b01a-b53f48008219,2026-08-19T21:24:46.066Z,sell,perpetual_future,ETH,2267.350000000000,10.000000000000,trade,confirmed,
dae8a2ee-7852-4b20-957f-7c4a7e9dd63d,2026-08-19T21:24:47.972Z,sell,perpetual_future,ETH,2266.900000000000,10.000000000000,trade,confirmed,
18b9ccae-e3f2-466f-b912-cf568dd92a76,2026-08-19T21:24:49.778Z,sell,perpetual_future,ETH,2265.100000000000,10.000000000000,trade,confirmed,
61099ca7-abcf-4b7a-82ff-36d3f9656969,2026-08-19T21:24:51.582Z,sell,perpetual_future,ETH,2264.660000000000,10.000000000000,trade,confirmed,
7e6d300b-c33d-4ac2-b292-95b6755b6715,2026-08-19T21:24:53.902Z,sell,perpetual_future,ETH,2265.410000000000,10.000000000000,trade,confirmed,
e2331a70-b38c-4a53-a225-c97fb7226f16,2026-08-19T21:24:57.430Z,sell,perpetual_future,ETH,2265.670000000000,10.000000000000,trade,confirmed,
fb118e1f-b11a-4c68-8a5c-375f6d3d7f46,2026-08-19T21:24:58.802Z,sell,perpetual_future,ETH,2262.790000000000,10.000000000000,trade,confirmed,
627a1adf-248e-442b-a3ef-4132b8d6757e,2026-08-19T21:25:00.178Z,sell,perpetual_future,ETH,2263.680000000000,10.000000000000,trade,confirmed,
9bab6815-7c43-48e6-8da4-53b521cea619,2026-08-19T21:25:02.098Z,sell,perpetual_future,ETH,2264.800000000000,10.000000000000,trade,confirmed,
d27b6c85-4d89-40e3-9cf7-1e28ad06997e,2026-08-19T21:25:04.422Z,sell,perpetual_future,ETH,2266.370000000000,10.000000000000,trade,confirmed,
cafad33a-c1cb-4d46-91e5-a3e99a4fc87e,2026-08-19T21:25:07.116Z,sell,perpetual_future,ETH,2267.370000000000,10.000000000000,trade,confirmed,
c6431bfb-0ea4-41cf-9a7a-3ee46a5aca09,2026-08-19T21:25:09.450Z,sell,perpetual_future,ETH,2268.600000000000,10.000000000000,trade,confirmed,
f4167b64-8410-4937-b193-54d54752213b,2026-08-19T21:25:11.262Z,sell,perpetual_future,ETH,2269.190000000000,10.000000000000,trade,confirmed,
84ea7ba1-a53d-4947-84b9-57102d0877ca,2026-08-19T21:25:13.179Z,sell,perpetual_future,ETH,2268.440000000000,10.000000000000,trade,confirmed,
e73d1c73-f93f-45f2-b3a7-81a5db3c47ff,2026-08-19T21:25:15.310Z,sell,perpetual_future,ETH,2269.140000000000,10.000000000000,trade,confirmed,
6d8b512a-2e3c-4359-9194-082ef4f4330d,2026-08-19T21:25:17.348Z,sell,perpetual_future,ETH,2269.050000000000,10.000000000000,trade,confirmed,
12c31c25-21c1-4255-ae26-f02fc8fe1728,2026-08-19T21:25:19.588Z,sell,perpetual_future,ETH,2267.930000000000,10.000000000000,trade,confirmed,
d519f02c-1ce3-486e-b6d4-fc6896f3f1f2,2026-08-19T21:25:21.698Z,sell,perpetual_future,ETH,2267.370000000000,10.000000000000,trade,confirmed,
3acf8a77-1acc-4a9e-9ee8-41422b222428,2026-08-19T21:25:23.612Z,sell,perpetual_future,ETH,2268.250000000000,10.000000000000,trade,confirmed,
4cb0ab46-27a9-40ab-b695-b1010d2722e1,2026-08-19T21:25:25.542Z,sell,perpetual_future,ETH,2267.790000000000,10.000000000000,trade,confirmed,
9de83c1d-ffe1-47f5-8449-341c79e697ec,2026-08-19T21:25:27.444Z,sell,perpetual_future,ETH,2268.000000000000,10.000000000000,trade,confirmed,
31d4d905-bd6a-4d6d-bd75-3449b04eba93,2026-08-19T21:25:29.277285Z,sell,perpetual_future,ETH,2269.800000000000,10.000000000000,trade,confirmed,
2cdbc432-4c59-44ac-ba21-19c72b6ad66b,2026-08-19T21:25:31.190Z,sell,perpetual_future,ETH,2269.160000000000,10.000000000000,trade,confirmed,
3becb06a-c001-4712-9de4-ef7a434bb759,2026-08-19T21:25:33.430Z,sell,perpetual_future,ETH,2269.560000000000,10.000000000000,trade,confirmed,
cd3f69f8-e688-41b2-bf9f-ab16ee5e2b4b,2026-08-19T21:25:35.357348Z,sell,perpetual_future,ETH,2269.660000000000,10.000000000000,trade,confirmed,
bd478de3-a547-495e-8613-731eaf19bab0,2026-08-19T21:25:37.050Z,sell,perpetual_future,ETH,2269.260000000000,10.000000000000,trade,confirmed,
395b634e-ea2b-4984-8558-0027beef4b40,2026-08-19T21:25:39.406Z,sell,perpetual_future,ETH,2268.770000000000,10.000000000000,trade,confirmed,
404d0d36-77ee-47b8-b07a-b4ced73d6a55,2026-08-19T21:25:41.641483Z,sell,perpetual_future,ETH,2268.840000000000,10.000000000000,trade,confirmed,
d6b3a2e7-6f75-4c3f-aa6c-b4bbca2fce5d,2026-08-19T21:25:43.662Z,sell,perpetual_future,ETH,2268.790000000000,10.000000000000,trade,confirmed,
6c6b7394-2456-4f29-be65-e1da1c72441c,2026-08-19T21:25:45.997597Z,sell,perpetual_future,ETH,2267.120000000000,10.000000000000,trade,confirmed,
f16c0484-0f85-4920-ad04-978fb3502bc0,2026-08-19T21:25:48.824Z,sell,perpetual_future,ETH,2267.290000000000,10.000000000000,trade,confirmed,
8cb5b961-2689-44fd-bda1-ded45b99fc4a,2026-08-19T21:25:51.518Z,sell,perpetual_future,ETH,2269.680000000000,10.000000000000,trade,confirmed,
61babcb4-0118-47f6-9688-5ec9edce646a,2026-08-19T21:25:54.058Z,sell,perpetual_future,ETH,2267.430000000000,10.000000000000,trade,confirmed,
780cc05b-3368-470e-a57b-3e87e05704aa,2026-08-19T21:25:56.719Z,sell,perpetual_future,ETH,2267.750000000000,10.000000000000,trade,confirmed,
fb56d474-4cc6-4f95-bc42-79c4f23b2d04,2026-08-19T21:25:59.254Z,sell,perpetual_future,ETH,2267.660000000000,10.000000000000,trade,confirmed,
ba76805a-e700-4928-9cb1-65619b0d655f,2026-08-19T21:26:01.075Z,sell,perpetual_future,ETH,2267.630000000000,10.000000000000,trade,confirmed,
ddefdc59-3ca8-4a4c-9fec-61c4688a6b93,2026-08-19T21:26:03.818Z,sell,perpetual_future,ETH,2267.370000000000,10.000000000000,trade,confirmed,
22bc04cf-5775-49ce-b234-dfd8fa4cc670,2026-08-19T21:26:05.199Z,sell,perpetual_future,ETH,2267.370000000000,10.000000000000,trade,confirmed,
9f8658c1-dd7a-414f-b404-aa2c4745792b,2026-08-19T21:26:09.890Z,sell,perpetual_future,ETH,2267.430000000000,10.000000000000,trade,confirmed,
6b3c41db-2d66-4547-adfa-501f8167b00f,2026-08-19T21:26:12.337460Z,sell,perpetual_future,ETH,2267.620000000000,10.000000000000,trade,confirmed,
cc3736a0-2eb2-4a1b-a625-d7593c63d6c4,2026-08-19T21:26:22.959Z,sell,perpetual_future,ETH,2267.180000000000,10.000000000000,trade,confirmed,
222cc96d-7901-4f17-9ab7-a226c1c82285,2026-08-19T21:26:24.871Z,sell,perpetual_future,ETH,2267.820000000000,10.000000000000,trade,confirmed,
08a77ff5-e597-4b83-895c-91e2ea454250,2026-08-19T21:26:26.478Z,sell,perpetual_future,ETH,2267.460000000000,10.000000000000,trade,confirmed,
f920d34d-fc8d-493d-941f-38762c879c9d,2026-08-19T21:26:28.495Z,sell,perpetual_future,ETH,2267.190000000000,10.000000000000,trade,confirmed,
8f16f9be-564b-4d74-8fee-c41a8f958e49,2026-08-19T21:26:30.934Z,sell,perpetual_future,ETH,2267.250000000000,10.000000000000,trade,confirmed,
41b65288-fe6a-4896-920d-0037849263d7,2026-08-19T21:26:32.342Z,sell,perpetual_future,ETH,2267.250000000000,10.000000000000,trade,confirmed,
7013d03c-3f86-4520-9f23-03d1c77f6509,2026-08-19T21:26:33.822Z,sell,perpetual_future,ETH,2267.760000000000,10.000000000000,trade,confirmed,
7d4cd690-915b-4824-bcf0-ae86b00b0b17,2026-08-19T21:26:35.640Z,sell,perpetual_future,ETH,2268.490000000000,10.000000000000,trade,confirmed,
e1519482-6cb0-4487-8ec0-5a392449534e,2026-08-19T21:26:37.564Z,sell,perpetual_future,ETH,2269.000000000000,10.000000000000,trade,confirmed,
55292046-c4b6-4b25-b5c6-55bc35027fdd,2026-08-19T21:26:38.946Z,sell,perpetual_future,ETH,2268.720000000000,10.000000000000,trade,confirmed,
2b530b66-78f4-4218-a234-3991d783f13a,2026-08-19T21:26:47.767Z,sell,perpetual_future,ETH,2268.300000000000,50.000000000000,trade,confirmed,
6beba5b8-34df-4573-b8f2-c4562db942ad,2026-08-19T21:26:49.798Z,sell,perpetual_future,ETH,2267.790000000000,50.000000000000,trade,confirmed,
aca5da8b-d978-45c0-9e56-0e67a6d71309,2026-08-19T21:26:52.244Z,sell,perpetual_future,ETH,2268.430000000000,50.000000000000,trade,confirmed,
32dfdba2-3a66-46ce-97e9-bf5532b1249a,2026-08-19T21:26:55.120Z,sell,perpetual_future,ETH,2268.110000000000,50.000000000000,trade,confirmed,
6be36f69-30d5-42fc-9163-5b6d30be5405,2026-08-19T21:26:57.342Z,sell,perpetual_future,ETH,2267.960000000000,50.000000000000,trade,confirmed,
fc6c104f-dfba-4b42-93b7-2166cbcb9cf7,2026-08-19T21:27:00.246Z,sell,perpetual_future,ETH,2269.000000000000,50.000000000000,trade,confirmed,
ebab545f-436e-48a1-990f-73875ba39b8e,2026-08-19T21:27:02.902Z,sell,perpetual_future,ETH,2267.970000000000,50.000000000000,trade,confirmed,
6643cc21-2812-4f41-aeec-bed1dca16330,2026-08-19T21:27:05.463562Z,sell,perpetual_future,ETH,2267.790000000000,50.000000000000,trade,confirmed,
d90f8103-cd2e-484b-b255-25476c7f7641,2026-08-19T21:27:09.954Z,sell,perpetual_future,ETH,2268.110000000000,50.000000000000,trade,confirmed,
02b0f735-a1d0-41c1-af87-1c743a9b769d,2026-08-19T21:27:12.592Z,sell,perpetual_future,ETH,2268.210000000000,50.000000000000,trade,confirmed,
bf58a5b4-82c7-448c-a3ba-22da15f27e7c,2026-08-19T21:27:18.890Z,sell,perpetual_future,ETH,2268.240000000000,50.000000000000,trade,confirmed,
e32cebbb-f175-4fb8-8cef-f741fc8f0379,2026-08-19T21:27:20.372Z,sell,perpetual_future,ETH,2268.660000000000,50.000000000000,trade,confirmed,
e9d7b09e-c39f-47c4-95e1-ed026f86430e,2026-08-19T21:27:28.556Z,sell,perpetual_future,ETH,2268.350000000000,50.000000000000,trade,confirmed,
c16aeeab-b954-4edd-970a-de89725bb745,2026-08-19T21:27:30.178Z,sell,perpetual_future,ETH,2268.310000000000,50.000000000000,trade,confirmed,
584f7977-cc98-4af2-aafc-9a6e4adfdd42,2026-08-19T21:28:18.341Z,buy,perpetual_future,ETH,2269.730000000000,50.000000000000,trade,confirmed,
107d2a6c-e253-464b-a552-8ab118a3c225,2026-08-19T21:28:19.630Z,buy,perpetual_future,ETH,2270.590000000000,50.000000000000,trade,confirmed,
fabbe8ec-fa45-4a5a-ac07-57564070c090,2026-08-19T21:28:25.166Z,buy,perpetual_future,ETH,2271.450000000000,30.000000000000,trade,confirmed,
b368db1d-5384-4693-bc4b-ceb91038eec5,2026-08-19T21:45:27.340Z,buy,perpetual_future,BTC,69612.960000000000,1.000000000000,trade,confirmed,
35a7b334-6bca-4251-a417-05c223b4526a,2026-08-19T21:45:28.938Z,buy,perpetual_future,BTC,69601.550000000000,1.000000000000,trade,confirmed,
cb5f2e44-fa71-4e83-95ab-755da0aff90a,2026-08-19T21:45:30.110Z,buy,perpetual_future,BTC,69601.640000000000,1.000000000000,trade,confirmed,
cb714af8-0768-4e7e-ac9e-8aa38e144f3a,2026-08-19T21:45:31.722Z,buy,perpetual_future,BTC,69601.120000000000,1.000000000000,trade,confirmed,
dd9c6345-2e50-4b9a-81bc-a32e8a172eba,2026-08-19T21:45:32.694Z,buy,perpetual_future,BTC,69601.210000000000,1.000000000000,trade,confirmed,
fadbf0ce-7ff5-4989-8dfe-5aca1abc70a4,2026-08-19T21:52:46.404Z,buy,perpetual_rwa_future,ANTHROPIC,1807.850000000000,1.117980000000,trade,confirmed,
972d0478-6eab-43f7-b4e2-df1fc49d116f,2026-08-19T22:05:26.674Z,sell,perpetual_future,HYPE,70.930800000000,500.000000000000,trade,confirmed,
17782d74-42f8-4c7e-ac6a-8d48110b5db5,2026-08-19T22:10:33.135Z,buy,perpetual_future,HYPE,71.470800000000,500.000000000000,trade,confirmed,
3d9d39e8-246e-4339-9161-b60200b7c7c7,2026-08-19T08:28:11.157Z,sell,perpetual_rwa_future,SNDK,1664.630000000000,6.002180000000,trade,confirmed,
3c385bee-78f3-4ff6-b7f1-92cdf1d0c86d,2026-08-19T08:28:17.253Z,sell,perpetual_rwa_future,MU,954.648000000000,10.478100000000,trade,confirmed,
7fe350ee-d73c-4ea0-a758-b32a5294e4a2,2026-08-19T08:28:38.464Z,sell,perpetual_rwa_future,DRAM,56.465500000000,177.075000000000,trade,confirmed,
f216ddd1-1cd5-42e7-9ecc-3877326de3ad,2026-08-19T13:45:21.950Z,buy,perpetual_future,BTC,64952.980000000000,1.000000000000,trade,confirmed,
dc4b6632-9cb6-4bdc-a4b5-9bd3796ae4aa,2026-08-19T13:45:22.697Z,buy,perpetual_future,BTC,64952.150000000000,1.000000000000,trade,confirmed,
a15556fb-3d47-4e91-bca1-729798a98e5a,2026-08-19T13:45:23.905Z,buy,perpetual_future,BTC,64952.610000000000,1.000000000000,trade,confirmed,
217d8d37-67f6-4a46-b292-92f6cd4bd190,2026-08-19T13:45:24.854Z,buy,perpetual_future,BTC,64951.770000000000,1.000000000000,trade,confirmed,
ec84b74a-e2f6-415b-8532-01346b68cb08,2026-08-19T13:45:25.938Z,buy,perpetual_future,BTC,64966.940000000000,1.000000000000,trade,confirmed,
64ea90e2-cef0-4b1a-b66d-260d38438539,2026-08-19T13:45:26.938Z,buy,perpetual_future,BTC,64974.210000000000,1.000000000000,trade,confirmed,
e0aec518-930d-4c96-9d47-8ed04e5d5dff,2026-08-19T13:45:28.012Z,buy,perpetual_future,BTC,64955.340000000000,1.000000000000,trade,confirmed,
f4ca27f8-b584-414c-841e-6ee6d873faef,2026-08-19T13:45:29.181Z,buy,perpetual_future,BTC,64957.100000000000,1.000000000000,trade,confirmed,
65e586bb-3b73-4ce8-8095-554ac9932b91,2026-08-19T13:45:30.265Z,buy,perpetual_future,BTC,64956.060000000000,1.000000000000,trade,confirmed,
0a87ce6e-9153-47a2-abb1-baf619bbf9e8,2026-08-19T13:45:31.365Z,buy,perpetual_future,BTC,64953.820000000000,1.000000000000,trade,confirmed,
93a22206-f38d-4d4f-88dc-df38d5bb6bfc,2026-08-19T13:45:33.076Z,sell,perpetual_future,BTC,64951.870000000000,1.000000000000,trade,confirmed,
0faf3c0a-911c-44ba-a425-978e2a747ab4,2026-08-19T13:45:34.162Z,sell,perpetual_future,BTC,64948.900000000000,1.000000000000,trade,confirmed,
c4c89aa9-bd51-4486-b58c-7718fde6fbc1,2026-08-19T13:45:35.422Z,sell,perpetual_future,BTC,64948.710000000000,1.000000000000,trade,confirmed,
b2bfce19-3de9-4133-aeff-fc37eafa8c7a,2026-08-19T13:45:36.628Z,sell,perpetual_future,BTC,64942.190000000000,1.000000000000,trade,confirmed,
548a3c19-9db2-459c-beb2-e39d98480181,2026-08-19T13:45:37.832Z,sell,perpetual_future,BTC,64940.860000000000,1.000000000000,trade,confirmed,
e132303a-ca60-4f38-9827-186c2a8a2f43,2026-08-19T13:45:39.009Z,sell,perpetual_future,BTC,64937.000000000000,1.000000000000,trade,confirmed,
b76e304d-0bcc-4448-a6f6-8a9f27890780,2026-08-19T13:45:40.406Z,sell,perpetual_future,BTC,64935.220000000000,1.000000000000,trade,confirmed,
92a97332-dfdb-4de4-8f91-19628cfc8bac,2026-08-19T13:45:41.764Z,sell,perpetual_future,BTC,64934.900000000000,1.000000000000,trade,confirmed,
044079da-c0ca-46e6-99c0-4bb76a779742,2026-08-19T13:45:43.398Z,sell,perpetual_future,BTC,64933.980000000000,1.000000000000,trade,confirmed,
a9706e68-e94f-46f5-91a2-49fe7d8a1ca9,2026-08-19T13:45:45.038085Z,sell,perpetual_future,BTC,64947.860000000000,1.000000000000,trade,confirmed,
443bb3e7-f71e-4bf9-b3d6-d2eff5484844,2026-08-19T13:47:24.781Z,sell,perpetual_rwa_future,XAU,4456.780000000000,11.216740000000,trade,confirmed,
92979845-1887-4933-80e6-5ece7a63bf93,2026-08-19T13:47:28.679Z,buy,perpetual_rwa_future,XAU,4458.960000000000,11.214530000000,trade,confirmed,
b4776ff0-e4e6-402e-904e-506c2f342b01,2026-08-19T13:47:58.241739Z,buy,perpetual_future,BTC,65090.280000000000,1.000000000000,trade,confirmed,
cd659c2e-5952-4bb5-92ab-a6579238343a,2026-08-19T13:48:00.377285Z,buy,perpetual_future,BTC,65088.640000000000,1.000000000000,trade,confirmed,
38314492-1144-4952-84dc-9d9d46a5e17e,2026-08-19T13:48:01.446Z,buy,perpetual_future,BTC,65102.990000000000,1.000000000000,trade,confirmed,
71ec479b-604d-4f55-9787-8ed9832b4b2d,2026-08-19T13:48:02.712Z,buy,perpetual_future,BTC,65108.390000000000,1.000000000000,trade,confirmed,
b661fcc8-c864-4e94-81a0-4c06b6e38c60,2026-08-19T13:48:03.786Z,buy,perpetual_future,BTC,65117.340000000000,1.000000000000,trade,confirmed,
4473543e-62b4-4441-af26-5cbb44151ec9,2026-08-19T13:48:05.512Z,sell,perpetual_future,BTC,65105.140000000000,1.000000000000,trade,confirmed,
05012318-b712-4434-8c68-3c188d5473c9,2026-08-19T13:48:06.577734Z,sell,perpetual_future,BTC,65107.310000000000,1.000000000000,trade,confirmed,
4215ab09-ff02-4fcb-990d-9f32e5732772,2026-08-19T13:48:08.394Z,sell,perpetual_future,BTC,65105.390000000000,1.000000000000,trade,confirmed,
d768526d-bcf4-4696-ac5f-0bef9e4aca5f,2026-08-19T13:48:09.886Z,sell,perpetual_future,BTC,65092.770000000000,1.000000000000,trade,confirmed,
4185a07f-f278-4c1e-bf5b-53f38e070973,2026-08-19T13:48:11.065Z,sell,perpetual_future,BTC,65093.190000000000,1.000000000000,trade,confirmed,
cf71ea64-b856-482d-8092-696c0de4a5b8,2026-08-19T13:53:40.701Z,buy,perpetual_rwa_future,SNDK,1593.240000000000,6.271910000000,trade,confirmed,
42fe74e6-abd9-4586-af51-b4b066fc2250,2026-08-19T13:53:51.583Z,buy,perpetual_rwa_future,MU,926.200000000000,10.796200000000,trade,confirmed,
7191f35a-baaa-4596-86cf-b069ad6539e2,2026-08-19T14:11:35.251Z,buy,perpetual_rwa_future,SNDK,1549.550000000000,6.451610000000,trade,confirmed,
f3078832-1d63-4fb1-95f7-fe2071fd5abf,2026-08-19T14:30:01.246Z,sell,perpetual_future,BTC,65327.350000000000,1.000000000000,trade,confirmed,
f9c4ce2c-f69b-4c51-86be-daaa68151f22,2026-08-19T14:30:02.952Z,sell,perpetual_future,BTC,65341.930000000000,1.000000000000,trade,confirmed,
bef23828-e847-4c58-b93a-75139d3c885d,2026-08-19T14:30:04.360Z,sell,perpetual_future,BTC,65329.800000000000,1.000000000000,trade,confirmed,
b825cbd3-f01e-4e82-bfb2-579c2a9aad7f,2026-08-19T14:30:05.637Z,sell,perpetual_future,BTC,65327.570000000000,1.000000000000,trade,confirmed,
8e0babaf-9dde-4b78-ad1f-e424e22e111e,2026-08-19T14:30:07.024Z,sell,perpetual_future,BTC,65313.710000000000,1.000000000000,trade,confirmed,
5407d5d3-7ca0-477b-aab8-4a9a3a349b7e,2026-08-19T14:30:08.308Z,sell,perpetual_future,BTC,65300.960000000000,1.000000000000,trade,confirmed,
3545a94d-d081-478c-a8de-57d0839f46ae,2026-08-19T14:30:10.577360Z,buy,perpetual_future,BTC,65314.850000000000,1.000000000000,trade,confirmed,
f6dd0866-10c4-4a81-8599-0b593b4a1213,2026-08-19T14:30:12.076Z,buy,perpetual_future,BTC,65321.890000000000,1.000000000000,trade,confirmed,
94c42b08-3065-447c-be4e-a573308ae487,2026-08-19T14:30:13.084Z,buy,perpetual_future,BTC,65321.410000000000,1.000000000000,trade,confirmed,
b0e11a98-ee8e-4dca-829f-d6f03107693a,2026-08-19T14:30:14.324Z,buy,perpetual_future,BTC,65321.730000000000,1.000000000000,trade,confirmed,
25783ac5-4d15-4688-802f-ae86aeaf84ee,2026-08-19T14:30:15.356Z,buy,perpetual_future,BTC,65314.510000000000,1.000000000000,trade,confirmed,
2906ac16-6196-4bb3-924f-c59e03b6dbf5,2026-08-19T14:30:17.514Z,buy,perpetual_future,BTC,65320.240000000000,1.000000000000,trade,confirmed,
852479e1-5828-40e4-9b7c-1047bbf784aa,2026-08-19T14:51:07.986Z,buy,perpetual_future,ETH,1944.140000000000,10.000000000000,trade,confirmed,
1ac3056b-8b2b-4293-b22f-7d311c0e0852,2026-08-19T14:51:13.777288Z,buy,perpetual_future,BTC,65514.380000000000,1.000000000000,trade,confirmed,
38934720-a399-42d5-82b7-c91166739eef,2026-08-19T14:56:33.756Z,buy,perpetual_future,SOL,80.685000000000,600.000000000000,trade,confirmed,
58ea8f1f-1f62-4708-8bd6-dbe85196e620,2026-08-19T15:05:21.349857Z,buy,perpetual_future,BTC,66229.770000000000,3.000000000000,trade,confirmed,
5d7250a8-ca99-4bb4-8fc6-90202ccc0e39,2026-08-18T09:54:12.737Z,buy,perpetual_future,BTC,64088.680000000000,1.000000000000,trade,confirmed,
1551b4c6-ad18-40b7-bcce-4c0983e9285a,2026-08-18T09:54:13.544Z,buy,perpetual_future,BTC,64088.690000000000,1.000000000000,trade,confirmed,
cbe68e10-d4e7-4276-a92a-0bb94abe3e14,2026-08-18T09:54:14.428Z,buy,perpetual_future,BTC,64088.690000000000,1.000000000000,trade,confirmed,
91477c73-b3cf-45eb-a45b-842167ef16f5,2026-08-18T09:54:15.124Z,buy,perpetual_future,BTC,64088.280000000000,1.000000000000,trade,confirmed,
3cec92c6-a0db-49b5-92df-d1fb4568f74d,2026-08-18T09:54:16.124Z,buy,perpetual_future,BTC,64087.820000000000,1.000000000000,trade,confirmed,
52fabb48-f81f-4497-b156-48510ed91468,2026-08-18T09:54:17.080Z,buy,perpetual_future,BTC,64088.540000000000,1.000000000000,trade,confirmed,
756d9c16-5cc7-4990-a710-f15063e19508,2026-08-18T09:54:18.240Z,buy,perpetual_future,BTC,64088.530000000000,1.000000000000,trade,confirmed,
dfc719d2-f258-44c4-b9db-9e4566d162c0,2026-08-18T09:54:19.192Z,buy,perpetual_future,BTC,64088.530000000000,1.000000000000,trade,confirmed,
afa15349-a321-4a77-a558-b257e10a5af0,2026-08-18T09:54:20.065Z,buy,perpetual_future,BTC,64088.670000000000,1.000000000000,trade,confirmed,
d700ec01-8130-4671-b200-9b834d54ec7d,2026-08-18T09:54:21.214Z,buy,perpetual_future,BTC,64088.460000000000,1.000000000000,trade,confirmed,
6f349bb2-1977-425c-979e-a14a455cb7f0,2026-08-18T09:54:24.296Z,sell,perpetual_future,BTC,64079.430000000000,1.000000000000,trade,confirmed,
4f2375a8-e37b-47ad-bb9e-0e96e2af9c30,2026-08-18T09:54:25.466Z,sell,perpetual_future,BTC,64078.590000000000,1.000000000000,trade,confirmed,
b073df9e-8ebd-43c3-8a8c-aea33aa26180,2026-08-18T09:54:26.408Z,sell,perpetual_future,BTC,64078.310000000000,1.000000000000,trade,confirmed,
c373235e-87cd-4238-af31-feb44ebb1698,2026-08-18T09:54:27.426Z,sell,perpetual_future,BTC,64078.140000000000,1.000000000000,trade,confirmed,
278d6e83-c12c-4552-94f8-9bb74fdbd1eb,2026-08-18T09:54:28.561Z,sell,perpetual_future,BTC,64078.740000000000,1.000000000000,trade,confirmed,
45ea6aa9-1ef8-4867-89b9-d10e72d05d84,2026-08-18T09:54:29.437Z,sell,perpetual_future,BTC,64078.480000000000,1.000000000000,trade,confirmed,
c1e2a237-c884-408c-a0f6-fb76b0af906a,2026-08-18T09:54:30.605Z,sell,perpetual_future,BTC,64078.450000000000,1.000000000000,trade,confirmed,
aa11ea7f-63a5-4af4-8052-b706b6f55394,2026-08-18T09:54:31.604Z,sell,perpetual_future,BTC,64078.130000000000,1.000000000000,trade,confirmed,
c3695c75-02bc-4f2c-b0da-c8fb3dd2909b,2026-08-18T09:54:32.666Z,sell,perpetual_future,BTC,64078.100000000000,1.000000000000,trade,confirmed,
3838540a-f477-42c4-a254-4bd2a6bbd345,2026-08-18T09:54:33.576Z,sell,perpetual_future,BTC,64077.590000000000,1.000000000000,trade,confirmed,
ef0c3a47-17e2-4592-956f-c65de5f87daa,2026-08-18T10:24:31.191Z,buy,perpetual_rwa_future,SOXL,134.985000000000,74.074000000000,trade,confirmed,
68845d41-cd77-4f7b-be85-7377b90f2582,2026-08-18T13:55:27.193Z,sell,perpetual_rwa_future,SOXL,128.763000000000,74.074000000000,trade,confirmed,
01f02c49-14aa-4ce8-b9c7-343da496fd6c,2026-08-18T13:55:37.293Z,sell,perpetual_rwa_future,IREN,43.413500000000,225.126000000000,trade,confirmed,
15f29f17-45bb-4c83-b6c9-d496415e0634,2026-08-18T13:55:41.684Z,sell,perpetual_rwa_future,NBIS,262.440000000000,39.859200000000,trade,confirmed,
5bc293ea-43d7-4f6c-8b95-b4d4a0e8f990,2026-08-18T13:56:00.317Z,sell,perpetual_rwa_future,SNDK,1653.480000000000,11.999960000000,trade,confirmed,
d825416c-137a-4acb-b52c-3e25be8800fb,2026-08-18T13:56:09.634Z,sell,perpetual_rwa_future,MU,954.920000000000,20.816600000000,trade,confirmed,
254edde2-334f-4724-ad1c-4dce8e55a4da,2026-08-18T13:56:14.781Z,sell,perpetual_rwa_future,DRAM,56.349400000000,322.724000000000,trade,confirmed,
9db9cc00-125d-4d12-95e6-7e56be9080be,2026-08-18T01:07:22.201Z,buy,perpetual_future,BTC,64256.790000000000,1.000000000000,trade,confirmed,
0cecef69-1156-401f-ac0d-651f599bef0d,2026-08-18T01:07:22.805Z,buy,perpetual_future,BTC,64256.720000000000,1.000000000000,trade,confirmed,
8e9c1e25-1d89-4892-9992-3953054109e0,2026-08-18T01:07:24.016Z,buy,perpetual_future,BTC,64256.560000000000,1.000000000000,trade,confirmed,
ead63daa-6ce3-46a5-b847-ebe0a6c6872c,2026-08-18T01:07:24.948Z,buy,perpetual_future,BTC,64256.550000000000,1.000000000000,trade,confirmed,
063d63b7-2ab7-41fe-bc7e-434412dcb5be,2026-08-18T01:07:25.914Z,buy,perpetual_future,BTC,64256.290000000000,1.000000000000,trade,confirmed,
f02960a2-057a-4b49-a575-2d11c093b3a2,2026-08-18T01:07:26.782Z,buy,perpetual_future,BTC,64256.370000000000,1.000000000000,trade,confirmed,
fea1cd7a-1e26-47ff-bf25-ef2e47a65891,2026-08-18T01:07:27.846Z,buy,perpetual_future,BTC,64255.590000000000,1.000000000000,trade,confirmed,
e7b5b458-0e0d-4bca-8417-edcf781296b9,2026-08-18T01:07:28.837403Z,buy,perpetual_future,BTC,64255.500000000000,1.000000000000,trade,confirmed,
10a77c9f-965e-4de2-b19f-74aaec19ce1d,2026-08-18T01:07:30.017Z,buy,perpetual_future,BTC,64252.290000000000,1.000000000000,trade,confirmed,
28c84384-9e1a-4af8-944c-20ca5845b567,2026-08-18T01:07:30.752Z,buy,perpetual_future,BTC,64252.360000000000,1.000000000000,trade,confirmed,
b44f020d-c608-4fdc-a04d-c30777ff96f1,2026-08-18T01:07:32.464Z,buy,perpetual_future,BTC,64252.370000000000,1.000000000000,trade,confirmed,
cceb7591-76a9-4126-9ae1-1f8946c48f09,2026-08-18T01:07:33.372Z,buy,perpetual_future,BTC,64252.370000000000,1.000000000000,trade,confirmed,
c5683eca-7e9c-499a-a3b8-12fcf881f506,2026-08-18T01:07:34.384Z,buy,perpetual_future,BTC,64252.280000000000,1.000000000000,trade,confirmed,
3535d9a6-b919-43d7-8da6-504ce04f2cd8,2026-08-18T01:07:35.303Z,buy,perpetual_future,BTC,64251.780000000000,1.000000000000,trade,confirmed,
155d7b80-396d-4fdf-a6af-e4b452240bbf,2026-08-18T01:07:35.953Z,buy,perpetual_future,BTC,64251.690000000000,1.000000000000,trade,confirmed,
cbd6885f-404b-451f-99e1-b98bacf71bd3,2026-08-18T01:07:37.055Z,buy,perpetual_future,BTC,64252.480000000000,1.000000000000,trade,confirmed,
95f2e6bd-02cb-4a11-b059-f3e7cd20adc2,2026-08-18T01:07:37.802Z,buy,perpetual_future,BTC,64252.830000000000,1.000000000000,trade,confirmed,
b23a1146-0f18-4543-9cc2-0cb659025b11,2026-08-18T01:07:38.629Z,buy,perpetual_future,BTC,64252.830000000000,1.000000000000,trade,confirmed,
825ae0e8-bc3e-43ef-9ef3-b8f86478da0a,2026-08-18T01:07:39.816Z,buy,perpetual_future,BTC,64255.510000000000,1.000000000000,trade,confirmed,
af1327cb-407d-4ce2-8fdb-a32d2339ee4f,2026-08-18T01:07:40.656Z,buy,perpetual_future,BTC,64255.650000000000,1.000000000000,trade,confirmed,
6f4feb2f-c507-482f-8755-e7a8da0efa39,2026-08-18T01:07:43.253Z,sell,perpetual_future,BTC,64245.610000000000,1.000000000000,trade,confirmed,
3f486349-25c7-40f9-b793-041cf41930b5,2026-08-18T01:07:43.892Z,sell,perpetual_future,BTC,64245.580000000000,1.000000000000,trade,confirmed,
948474fb-1b42-4df8-bc26-e10d464afc33,2026-08-18T01:07:44.775Z,sell,perpetual_future,BTC,64245.530000000000,1.000000000000,trade,confirmed,
e5201727-5e31-4765-bca0-6b92d41395e8,2026-08-18T01:07:45.926Z,sell,perpetual_future,BTC,64245.600000000000,1.000000000000,trade,confirmed,
ea508129-54a4-4d51-ac7f-1f5c5dda3a9e,2026-08-18T01:07:46.980Z,sell,perpetual_future,BTC,64245.400000000000,1.000000000000,trade,confirmed,
45a3b319-8f28-4a28-aa3e-4a1514c57e80,2026-08-18T01:07:48.032Z,sell,perpetual_future,BTC,64245.830000000000,1.000000000000,trade,confirmed,
14cf2b0d-2b1d-41b3-a606-34f189060361,2026-08-18T01:07:49.208Z,sell,perpetual_future,BTC,64245.330000000000,1.000000000000,trade,confirmed,
de9117c3-0980-4f65-96e3-1b22ce6f97c1,2026-08-18T01:07:50.449Z,sell,perpetual_future,BTC,64240.490000000000,1.000000000000,trade,confirmed,
c3f976ae-c9ab-4b95-9144-cf4810ed5aca,2026-08-18T01:07:51.353Z,sell,perpetual_future,BTC,64240.050000000000,1.000000000000,trade,confirmed,
3c4b7b7d-86bc-40c0-8ae7-01c108fcf925,2026-08-18T01:07:52.424Z,sell,perpetual_future,BTC,64240.620000000000,1.000000000000,trade,confirmed,
8bb053f6-0654-41e2-897b-4e96d278062a,2026-08-18T01:07:53.860Z,sell,perpetual_future,BTC,64240.290000000000,1.000000000000,trade,confirmed,
72c1071c-ce4a-489d-8658-230a38714dbf,2026-08-18T01:07:55.074Z,sell,perpetual_future,BTC,64239.940000000000,1.000000000000,trade,confirmed,
c7468f3c-1ac1-4a6f-810a-4f65303d5c33,2026-08-18T01:07:56.026Z,sell,perpetual_future,BTC,64232.650000000000,1.000000000000,trade,confirmed,
92ef5b74-b029-4b2f-b871-6a2eb285b0d1,2026-08-18T01:07:56.980Z,sell,perpetual_future,BTC,64232.710000000000,1.000000000000,trade,confirmed,
82fb4c36-0d13-4167-be07-2fde6d5392bf,2026-08-18T01:07:57.885Z,sell,perpetual_future,BTC,64234.160000000000,1.000000000000,trade,confirmed,
662ef57a-6365-4492-b53e-709b6773f975,2026-08-18T01:07:59.558Z,sell,perpetual_future,BTC,64231.440000000000,1.000000000000,trade,confirmed,
b928fb27-5322-440b-8a7b-39eacc2bb1d1,2026-08-18T01:08:00.392Z,sell,perpetual_future,BTC,64233.220000000000,1.000000000000,trade,confirmed,
bc63c081-0ca9-4b4d-b7a8-250c92baef02,2026-08-18T01:08:01.573Z,sell,perpetual_future,BTC,64224.020000000000,1.000000000000,trade,confirmed,
dfc0eaa6-b18d-4cc7-b336-7d735a8c2904,2026-08-18T01:08:02.716Z,sell,perpetual_future,BTC,64224.990000000000,1.000000000000,trade,confirmed,
dbee0e3b-77d9-4333-928e-90c9a41ce6aa,2026-08-18T01:08:03.618Z,sell,perpetual_future,BTC,64219.260000000000,1.000000000000,trade,confirmed,
2f395526-30b5-4937-b7c3-a09caf9b6626,2026-08-18T01:51:24.072Z,buy,perpetual_rwa_future,SNDK,1760.610000000000,5.683170000000,trade,confirmed,
f1a46651-61d5-4229-97e4-0815de0aba37,2026-08-18T01:51:34.449Z,buy,perpetual_rwa_future,DRAM,59.884900000000,167.070000000000,trade,confirmed,
20090e3d-eac0-457a-ad47-f9842179fcf5,2026-08-18T01:52:10.084Z,buy,perpetual_rwa_future,XAU,4409.170000000000,11.339950000000,trade,confirmed,
e4fa8a0d-3a9e-4e92-82d6-50a99afe5c8a,2026-08-18T02:35:10.598Z,buy,perpetual_rwa_future,MU,986.788000000000,10.136800000000,trade,confirmed,
80211ad2-8ddb-4f22-8b52-ac8c47bb9c3c,2026-08-18T02:35:17.564Z,buy,perpetual_rwa_future,SNDK,1728.550000000000,5.789280000000,trade,confirmed,
e0de05a7-87a5-4512-901b-ede52aec621b,2026-08-18T02:44:53.293Z,sell,perpetual_rwa_future,SOXL,145.629000000000,73.007100000000,trade,confirmed,
acfd2bfd-41f1-4b34-b88b-89f2bb315561,2026-08-18T02:45:04.752Z,sell,perpetual_rwa_future,SOXL,145.569000000000,52.557900000000,trade,confirmed,
718b909d-17f6-43d4-8d72-bb06bd4e3f07,2026-08-18T02:45:52.599Z,sell,perpetual_rwa_future,SOXL,145.271000000000,135.123100000000,trade,confirmed,
10782e4d-e805-4b57-b04a-aeddbabd0fd4,2026-08-17T06:03:20.975Z,buy,perpetual_rwa_future,DRAM,60.055100000000,166.565000000000,trade,confirmed,
dcd3918a-6439-481c-a8f5-8ab929cdf605,2026-08-17T09:23:34.429Z,buy,perpetual_future,BTC,63246.220000000000,1.000000000000,trade,confirmed,
5c3fb3b7-a541-4b4b-a102-a5dd8f069705,2026-08-17T09:23:35.253Z,buy,perpetual_future,BTC,63246.400000000000,1.000000000000,trade,confirmed,
713e8c86-5673-46fa-9906-5b9372402b4c,2026-08-17T09:23:36.157255Z,buy,perpetual_future,BTC,63256.400000000000,1.000000000000,trade,confirmed,
b5d0a9f3-20a6-4f03-a85d-2ca41f2f9c71,2026-08-17T09:23:37.017534Z,buy,perpetual_future,BTC,63256.820000000000,1.000000000000,trade,confirmed,
8d86d348-f220-419a-b6ae-e231f49336d9,2026-08-17T09:23:37.984Z,buy,perpetual_future,BTC,63259.250000000000,1.000000000000,trade,confirmed,
857888a9-fc04-4063-8cb8-2e090aebbfdf,2026-08-17T09:23:39.048Z,buy,perpetual_future,BTC,63259.120000000000,1.000000000000,trade,confirmed,
fceab49c-26d7-4607-99f2-4ed57d625811,2026-08-17T09:23:39.870Z,buy,perpetual_future,BTC,63259.870000000000,1.000000000000,trade,confirmed,
9cce3a3d-ddaf-44ba-88f5-e33a0ef2609d,2026-08-17T09:23:40.968Z,buy,perpetual_future,BTC,63260.430000000000,1.000000000000,trade,confirmed,
80df918b-b698-4e73-bbc7-e504447e506e,2026-08-17T09:23:41.928Z,buy,perpetual_future,BTC,63260.230000000000,1.000000000000,trade,confirmed,
9a34d98f-e6ca-4f49-ba84-e665898191c1,2026-08-17T09:23:42.910Z,buy,perpetual_future,BTC,63260.430000000000,1.000000000000,trade,confirmed,
73893dfe-fce6-49b9-9e4e-932e40e417c5,2026-08-17T09:23:43.842Z,buy,perpetual_future,BTC,63260.640000000000,1.000000000000,trade,confirmed,
506435af-3492-4f71-bbb0-8cab8f51b169,2026-08-17T09:23:44.685Z,buy,perpetual_future,BTC,63260.350000000000,1.000000000000,trade,confirmed,
a6551371-8d3e-42ce-bfba-7337ce4cf50a,2026-08-17T09:23:45.784Z,buy,perpetual_future,BTC,63261.250000000000,1.000000000000,trade,confirmed,
6ac345da-810d-4e78-9e86-142c4837bf44,2026-08-17T09:23:46.733Z,buy,perpetual_future,BTC,63262.070000000000,1.000000000000,trade,confirmed,
1e1397a6-5fc0-41b0-8568-d17f1e8d7707,2026-08-17T09:23:47.697Z,buy,perpetual_future,BTC,63262.600000000000,1.000000000000,trade,confirmed,
720cc524-73b8-4b4c-aab3-09cad0bfb6bd,2026-08-17T09:23:48.952Z,buy,perpetual_future,BTC,63261.350000000000,1.000000000000,trade,confirmed,
7e6d89ca-51df-456b-8859-d5051d722094,2026-08-17T09:23:50.164Z,buy,perpetual_future,BTC,63260.470000000000,1.000000000000,trade,confirmed,
04011484-779f-40ad-84dd-6b3fe831e61a,2026-08-17T09:23:51.284Z,buy,perpetual_future,BTC,63260.520000000000,1.000000000000,trade,confirmed,
cd7699e9-3e93-435c-88e1-713f6ae8021b,2026-08-17T09:23:52.493Z,buy,perpetual_future,BTC,63260.290000000000,1.000000000000,trade,confirmed,
9f4e8db4-f09c-4f2b-adee-a2137f6379ef,2026-08-17T09:23:53.639Z,buy,perpetual_future,BTC,63260.140000000000,1.000000000000,trade,confirmed,
0ed8e753-56b7-4c82-8209-f91162ef67eb,2026-08-17T09:23:56.017431Z,sell,perpetual_future,BTC,63252.010000000000,1.000000000000,trade,confirmed,
517a255c-1f11-4bbb-87af-370542cd7361,2026-08-17T09:23:56.968Z,sell,perpetual_future,BTC,63252.070000000000,1.000000000000,trade,confirmed,
5638c4b8-905f-4c0e-b17f-88039e04a23c,2026-08-17T09:23:58.046Z,sell,perpetual_future,BTC,63253.720000000000,1.000000000000,trade,confirmed,
edc98300-0aaa-4aaf-8f6b-6934c41f66fe,2026-08-17T09:23:59.088Z,sell,perpetual_future,BTC,63253.480000000000,1.000000000000,trade,confirmed,
be1221e8-171b-48ce-a424-6cd67c2566f3,2026-08-17T09:24:00.024Z,sell,perpetual_future,BTC,63253.480000000000,1.000000000000,trade,confirmed,
5c0cefa6-3bca-4697-b5b5-52af8142cf42,2026-08-17T09:24:01.218Z,sell,perpetual_future,BTC,63253.260000000000,1.000000000000,trade,confirmed,
5f5bdc79-3dee-4341-94e1-96b718771e24,2026-08-17T09:24:02.497Z,sell,perpetual_future,BTC,63256.780000000000,1.000000000000,trade,confirmed,
64a3b40a-0e72-4307-a0cd-522ecbcd398d,2026-08-17T09:24:03.558Z,sell,perpetual_future,BTC,63256.780000000000,1.000000000000,trade,confirmed,
e9eca829-f687-4b5c-adbc-988ebf60ab82,2026-08-17T09:24:04.697Z,sell,perpetual_future,BTC,63259.190000000000,1.000000000000,trade,confirmed,
54b832b4-6984-4bf2-8d43-0d55715615f5,2026-08-17T09:24:06.020160Z,sell,perpetual_future,BTC,63259.330000000000,1.000000000000,trade,confirmed,
743ed17b-1f6f-42e5-a68c-e41b6ebee0d3,2026-08-17T09:24:07.673Z,sell,perpetual_future,BTC,63259.300000000000,1.000000000000,trade,confirmed,
bdfe4cf1-226e-4e6b-bf0c-3c30d6f75b9f,2026-08-17T09:24:08.984Z,sell,perpetual_future,BTC,63259.410000000000,1.000000000000,trade,confirmed,
f22b76dc-adfd-47c9-8f30-6a8f1b688953,2026-08-17T09:24:10.376Z,sell,perpetual_future,BTC,63258.870000000000,1.000000000000,trade,confirmed,
1f58b988-a3f9-4344-839e-1d8f3f87c227,2026-08-17T09:24:11.638Z,sell,perpetual_future,BTC,63259.660000000000,1.000000000000,trade,confirmed,
a5803f12-96a2-46d8-b930-6d528bb55ce0,2026-08-17T09:24:12.916Z,sell,perpetual_future,BTC,63259.360000000000,1.000000000000,trade,confirmed,
51185564-cbfb-4b4d-b1bb-d1c64d432203,2026-08-17T09:24:15.041Z,sell,perpetual_future,BTC,63259.310000000000,1.000000000000,trade,confirmed,
7603af87-8350-47d6-ac7f-eb30d063dd9b,2026-08-17T09:24:16.410Z,sell,perpetual_future,BTC,63259.590000000000,1.000000000000,trade,confirmed,
afa41a0a-372f-48f3-967b-750f39ec27e4,2026-08-17T09:24:17.600Z,sell,perpetual_future,BTC,63259.580000000000,1.000000000000,trade,confirmed,
6dab3053-c97b-46a8-8442-e1b5455430db,2026-08-17T09:24:18.984Z,sell,perpetual_future,BTC,63258.370000000000,1.000000000000,trade,confirmed,
8a95c347-dc22-4a68-b863-6e2f05c0138a,2026-08-17T09:24:20.492Z,sell,perpetual_future,BTC,63257.960000000000,1.000000000000,trade,confirmed,
355f9e8b-9429-48a1-bfb5-2703a0b19ed8,2026-08-17T11:14:02.764Z,buy,perpetual_future,HYPE,59.789400000000,500.000000000000,trade,confirmed,
fca0b4d4-d58a-4c22-8ad2-ec7ef24742e3,2026-08-17T11:25:16.753Z,sell,perpetual_rwa_future,ANTHROPIC,1751.610000000000,1.141720000000,trade,confirmed,
7262fdb0-249d-473b-a32a-3edb143e68d4,2026-08-17T11:25:18.636Z,sell,perpetual_rwa_future,ANTHROPIC,1751.620000000000,1.141800000000,trade,confirmed,
c1859e89-764e-4abc-b831-21d98144b590,2026-08-17T11:25:18.636Z,sell,perpetual_rwa_future,ANTHROPIC,1751.620000000000,1.128960000000,trade,confirmed,
ad42cfd0-2202-43fe-b141-fbd68f03c43f,2026-08-17T11:25:31.099Z,sell,perpetual_rwa_future,ANTHROPIC,1751.660000000000,0.058900000000,trade,confirmed,
2468646a-c0a1-41af-a11e-5a5bfc07fc8c,2026-08-17T11:31:58.780Z,buy,perpetual_rwa_future,MU,1000.840000000000,9.992500000000,trade,confirmed,
488e2590-2d78-4565-b7d8-4496bf73af21,2026-08-17T11:32:04.447Z,buy,perpetual_rwa_future,SNDK,1715.760000000000,5.827910000000,trade,confirmed,
daecf0eb-6e92-4511-aef0-ac8c93832c39,2026-08-17T12:09:48.401Z,buy,perpetual_future,OVERTAKE,0.050740000000,10000.000000000000,trade,confirmed,
08054e31-a824-43ab-bca1-138d3709910e,2026-08-17T12:09:49.988Z,buy,perpetual_future,OVERTAKE,0.050780000000,10000.000000000000,trade,confirmed,
1d27ce62-2ef2-422a-989b-40557889bd05,2026-08-17T12:10:02.279Z,buy,perpetual_future,OVERTAKE,0.050880000000,10000.000000000000,trade,confirmed,
ec1c5b06-5b89-4f66-bde0-07190e732d5d,2026-08-17T12:10:07.253Z,buy,perpetual_future,OVERTAKE,0.050890000000,10000.000000000000,trade,confirmed,
4cbc4269-0135-4397-96af-2ea0297cd5d8,2026-08-17T12:51:59.797Z,buy,perpetual_future,OVERTAKE,0.050170000000,10000.000000000000,trade,confirmed,
c1ab664d-8439-4361-bf6f-7593d0e598be,2026-08-17T12:52:12.181Z,buy,perpetual_future,OVERTAKE,0.050200000000,5000.000000000000,trade,confirmed,
90bec63a-3017-459c-a6cd-4e3c01624f9c,2026-08-17T12:52:17.651Z,buy,perpetual_future,OVERTAKE,0.050260000000,5000.000000000000,trade,confirmed,
230cbe00-321b-4178-98a9-e13bd017fffa,2026-08-17T12:52:19.574Z,buy,perpetual_future,OVERTAKE,0.050200000000,5000.000000000000,trade,confirmed,
70747ace-9330-40fb-8b77-5045989def80,2026-08-17T12:52:20.342Z,buy,perpetual_future,OVERTAKE,0.050260000000,5000.000000000000,trade,confirmed,
df6e8f83-2fc8-4936-a90a-96f4d052f8a9,2026-08-17T12:52:22.073Z,buy,perpetual_future,OVERTAKE,0.050310000000,5000.000000000000,trade,confirmed,
cb446a53-40cb-4e27-a24b-a96bc26e2367,2026-08-17T12:52:23.222Z,buy,perpetual_future,OVERTAKE,0.050400000000,5000.000000000000,trade,confirmed,
5e07e0a2-509d-49c8-ab50-899e7526adbd,2026-08-17T12:52:25.321Z,buy,perpetual_future,OVERTAKE,0.050400000000,5000.000000000000,trade,confirmed,
2b09d32a-024a-4399-9762-c00facf7e6f8,2026-08-17T12:52:25.467Z,buy,perpetual_future,OVERTAKE,0.050440000000,5000.000000000000,trade,confirmed,
ffb76f66-1be2-4245-bde1-1ed30d610c10,2026-08-17T12:52:26.793Z,buy,perpetual_future,OVERTAKE,0.050450000000,5000.000000000000,trade,confirmed,
e3470fec-da79-4f73-913d-ce4eee6dce5c,2026-08-17T12:52:28.355Z,buy,perpetual_future,OVERTAKE,0.050520000000,5000.000000000000,trade,confirmed,
e9097f5b-9cf4-4ab8-b00d-c00fc8574b4f,2026-08-17T12:52:37.899Z,buy,perpetual_future,OVERTAKE,0.050470000000,5000.000000000000,trade,confirmed,
b6f25f73-9452-4722-8ebe-e8847ab42c87,2026-08-17T12:52:40.638Z,buy,perpetual_future,OVERTAKE,0.050450000000,5000.000000000000,trade,confirmed,
d13390c0-86ed-4131-8d32-e5b361b1595a,2026-08-17T12:53:30.131Z,buy,perpetual_future,OVERTAKE,0.050380000000,5000.000000000000,trade,confirmed,
d79c6d17-44ef-47f4-be67-ea0b8a16e66c,2026-08-17T12:53:31.058Z,buy,perpetual_future,OVERTAKE,0.050420000000,5000.000000000000,trade,confirmed,
a4f3770e-b4d8-484a-a9b5-2243e97fc31b,2026-08-17T12:53:32Z,buy,perpetual_future,OVERTAKE,0.050370000000,5000.000000000000,trade,confirmed,
04b4e0c4-dca8-4a3e-85dd-d5ca4f334f79,2026-08-17T12:53:33.433Z,buy,perpetual_future,OVERTAKE,0.050420000000,5000.000000000000,trade,confirmed,
ccf0e126-7594-4f99-a8ec-1cdf50b15e05,2026-08-17T12:54:12.464Z,buy,perpetual_future,OVERTAKE,0.050510000000,5000.000000000000,trade,confirmed,
7c99f9c7-1763-4f03-8fc3-3aa2c29c6b75,2026-08-17T12:54:12.670Z,buy,perpetual_future,OVERTAKE,0.050590000000,5000.000000000000,trade,confirmed,
7a528101-7edb-430a-a702-93d14391e21d,2026-08-17T12:54:13.509Z,buy,perpetual_future,OVERTAKE,0.050640000000,5000.000000000000,trade,confirmed,
941e1239-6b00-46c9-9b95-1c39460f2335,2026-08-17T12:54:15.191Z,buy,perpetual_future,OVERTAKE,0.050730000000,5000.000000000000,trade,confirmed,
8afba382-54c3-4637-b2a9-fa983d62cea7,2026-08-17T12:54:17.284Z,buy,perpetual_future,OVERTAKE,0.050700000000,5000.000000000000,trade,confirmed,
1909e68a-1d3e-4b83-973f-6c99b5277062,2026-08-17T12:54:17.747Z,buy,perpetual_future,OVERTAKE,0.050770000000,5000.000000000000,trade,confirmed,
e2fb1b0c-b017-4e66-b5b5-1bfe47f44fc0,2026-08-17T12:54:19.058Z,buy,perpetual_future,OVERTAKE,0.050770000000,5000.000000000000,trade,confirmed,
a3fdb17b-c6fc-4e1f-9136-854bf3075dc7,2026-08-17T12:54:21.804Z,buy,perpetual_future,OVERTAKE,0.051060000000,5000.000000000000,trade,confirmed,
6359cf63-f6ab-4621-a412-e13bc0df71e4,2026-08-17T12:54:23.276Z,buy,perpetual_future,OVERTAKE,0.051010000000,5000.000000000000,trade,confirmed,
daecab3a-ad2c-4ba7-9842-8d3cc4909bf2,2026-08-17T12:54:24.404Z,buy,perpetual_future,OVERTAKE,0.051370000000,5000.000000000000,trade,confirmed,
903c8580-7724-4079-af7e-2fc54cbf55e0,2026-08-17T12:54:30.698Z,buy,perpetual_future,OVERTAKE,0.051190000000,777.000000000000,trade,confirmed,
4bd3dc02-53d9-4a48-b09c-6a6a83f422f5,2026-08-17T14:35:17.194Z,buy,perpetual_rwa_future,SOXL,152.784000000000,130.919100000000,trade,confirmed,
04574c57-6408-4e76-823f-e510cfa1b32a,2026-08-17T14:54:23.433Z,buy,perpetual_rwa_future,SOXL,154.193000000000,129.769000000000,trade,confirmed,
24f85d67-5fff-48b1-a91c-062b10b13b87,2026-08-17T14:54:30.590Z,buy,perpetual_rwa_future,DRAM,61.550900000000,324.987000000000,trade,confirmed,
e3709e68-55e1-42d7-9af8-86d1115e1169,2026-08-16T06:52:51.032Z,sell,perpetual_rwa_future,ANTHROPIC,1798.590000000000,1.490210000000,trade,confirmed,
713456cb-3554-49c9-a524-630bfcd3fd52,2026-08-16T07:47:08.226Z,sell,perpetual_rwa_future,ANTHROPIC,1788.900000000000,1.117540000000,trade,confirmed,
043593fe-fe7b-4b19-b2a5-9e63978ea97b,2026-08-16T00:23:00.161Z,buy,perpetual_future,BTC,62987.570000000000,1.000000000000,trade,confirmed,
469eef8f-7d5b-4782-bb73-414511e6abbf,2026-08-16T00:23:02.278Z,buy,perpetual_future,BTC,62987.580000000000,1.000000000000,trade,confirmed,
201871ae-30d8-4b6a-8a79-75190eb40ef4,2026-08-16T00:23:03.100Z,buy,perpetual_future,BTC,62987.660000000000,1.000000000000,trade,confirmed,
98dbbd70-d463-4619-8bbb-23811267d44a,2026-08-16T00:23:03.685Z,buy,perpetual_future,BTC,62987.460000000000,1.000000000000,trade,confirmed,
f6206ee0-7c7d-4299-a4f9-ea632bfc84aa,2026-08-16T00:23:05.866Z,buy,perpetual_future,BTC,62986.720000000000,1.000000000000,trade,confirmed,
a8e38bc7-a71a-4295-8fb9-27e6441bcdae,2026-08-16T00:23:07.044Z,buy,perpetual_future,BTC,62986.890000000000,1.000000000000,trade,confirmed,
d4c43fcd-f869-4712-ba6a-419e80e768e1,2026-08-16T00:23:08.237752Z,buy,perpetual_future,BTC,62986.830000000000,1.000000000000,trade,confirmed,
7b822d2d-1fbe-4c59-9d44-27d661363c47,2026-08-16T00:23:09.084Z,buy,perpetual_future,BTC,62986.830000000000,1.000000000000,trade,confirmed,
49a417e1-9b14-4c00-9e52-2f48c542431e,2026-08-16T00:23:10.124Z,buy,perpetual_future,BTC,62986.830000000000,1.000000000000,trade,confirmed,
1eac0c70-4a9c-41d9-8677-0cbe09fc39cc,2026-08-16T00:23:11.034Z,buy,perpetual_future,BTC,62986.790000000000,1.000000000000,trade,confirmed,
56a34a85-5f14-4adc-a8ca-431e7d481254,2026-08-16T00:23:13.517Z,sell,perpetual_future,BTC,62978.500000000000,1.000000000000,trade,confirmed,
373373f2-31df-415c-9552-7fe75a343642,2026-08-16T00:23:14.288Z,sell,perpetual_future,BTC,62978.620000000000,1.000000000000,trade,confirmed,
b25ca85c-c901-449b-8916-25d7d14d29d2,2026-08-16T00:23:14.976Z,sell,perpetual_future,BTC,62978.830000000000,1.000000000000,trade,confirmed,
3b32f303-5b2a-4d38-9f32-89c1feb6d6b6,2026-08-16T00:23:15.360Z,sell,perpetual_future,BTC,62978.740000000000,1.000000000000,trade,confirmed,
52798c25-d460-4402-a502-7da455d3c423,2026-08-16T00:23:17.176Z,sell,perpetual_future,BTC,62978.740000000000,1.000000000000,trade,confirmed,
c4567add-7d7e-486d-8367-11fc1dd7da97,2026-08-16T00:23:18.112Z,sell,perpetual_future,BTC,62978.390000000000,1.000000000000,trade,confirmed,
a6ab497a-3b17-422f-a70e-a0ad1c954207,2026-08-16T00:23:19.264Z,sell,perpetual_future,BTC,62978.390000000000,1.000000000000,trade,confirmed,
82cbfa6f-d89d-4583-a164-25deb8f363df,2026-08-16T00:23:20.148Z,sell,perpetual_future,BTC,62978.300000000000,1.000000000000,trade,confirmed,
3a76ef6e-887d-41fd-bba1-5e67a3a7cc3c,2026-08-16T00:23:20.816Z,sell,perpetual_future,BTC,62978.220000000000,1.000000000000,trade,confirmed,
143ac01c-409e-407f-9f4f-441a3deb8352,2026-08-16T00:23:22.076Z,sell,perpetual_future,BTC,62978.170000000000,1.000000000000,trade,confirmed,
1fddf27c-e144-4a48-831b-900da65d45c3,2026-08-16T00:36:32.593Z,sell,perpetual_rwa_future,ANTHROPIC,1773.080000000000,1.409970000000,trade,confirmed,
8c7a0ac4-693d-4dd3-a360-1cba4b848549,2026-08-16T00:36:32.593Z,sell,perpetual_rwa_future,ANTHROPIC,1773.080000000000,1.409970000000,trade,confirmed,
ad2bd458-cf43-4300-b560-951a09fa265d,2026-08-15T05:27:45.977Z,buy,perpetual_future,BTC,63046.990000000000,1.000000000000,trade,confirmed,
cc794529-3a8f-4f9f-9931-573319d6b714,2026-08-15T05:27:46.832Z,buy,perpetual_future,BTC,63046.940000000000,1.000000000000,trade,confirmed,
10409f42-02b9-46c7-994e-8c4581a649f0,2026-08-15T05:27:47.484Z,buy,perpetual_future,BTC,63046.970000000000,1.000000000000,trade,confirmed,
b0c26465-aabe-4708-979a-762e0f0ac523,2026-08-15T05:27:48.448Z,buy,perpetual_future,BTC,63047.010000000000,1.000000000000,trade,confirmed,
1b11bbf4-7047-4d48-8e6f-60e3869d7b85,2026-08-15T05:27:49.278Z,buy,perpetual_future,BTC,63047.070000000000,1.000000000000,trade,confirmed,
3c0e6c97-5cbc-4328-9364-2ee88e84fe80,2026-08-15T05:27:50.129Z,buy,perpetual_future,BTC,63047.130000000000,1.000000000000,trade,confirmed,
6e0e58bf-6bed-4a3d-b784-2440ac4dd1ba,2026-08-15T05:27:51.106Z,buy,perpetual_future,BTC,63047.120000000000,1.000000000000,trade,confirmed,
167e19fb-d56d-4f4a-87f3-2b048720b5b0,2026-08-15T05:27:52.079Z,buy,perpetual_future,BTC,63047.040000000000,1.000000000000,trade,confirmed,
22467831-166d-4f65-90eb-78e51b917fbc,2026-08-15T05:27:52.840Z,buy,perpetual_future,BTC,63046.910000000000,1.000000000000,trade,confirmed,
1bb0847e-f2ab-4c09-9c37-11229f000d97,2026-08-15T05:27:54.204Z,buy,perpetual_future,BTC,63047.120000000000,1.000000000000,trade,confirmed,
86e89014-ff43-4769-bf79-27cf29c3cc11,2026-08-15T05:27:55.570Z,buy,perpetual_future,BTC,63046.980000000000,1.000000000000,trade,confirmed,
b515340b-c958-4e14-afc4-99c0978e2f87,2026-08-15T05:27:56.664Z,buy,perpetual_future,BTC,63047.210000000000,1.000000000000,trade,confirmed,
a463196c-a48a-428e-b0bb-5a359a4c1a07,2026-08-15T05:27:57.624Z,buy,perpetual_future,BTC,63047.230000000000,1.000000000000,trade,confirmed,
e523a6f7-6dc9-4a85-b90c-349bb657b348,2026-08-15T05:27:58.588Z,buy,perpetual_future,BTC,63047.220000000000,1.000000000000,trade,confirmed,
0e64f286-79f2-424f-bcf7-eabf97e88e99,2026-08-15T05:27:59.398Z,buy,perpetual_future,BTC,63046.880000000000,1.000000000000,trade,confirmed,
2ce7c066-a538-4b42-ac06-ad4fc925f94d,2026-08-15T05:28:00.411Z,buy,perpetual_future,BTC,63046.690000000000,1.000000000000,trade,confirmed,
813bbc0f-ec87-41f3-b84d-d237695a7a65,2026-08-15T05:28:01.369Z,buy,perpetual_future,BTC,63046.870000000000,1.000000000000,trade,confirmed,
f60566c8-b947-4384-a8cb-42cc6d096156,2026-08-15T05:28:02.333Z,buy,perpetual_future,BTC,63047.400000000000,1.000000000000,trade,confirmed,
116706ba-ea3d-4ef2-9d11-0dc2e480ec04,2026-08-15T05:28:03.266Z,buy,perpetual_future,BTC,63047.450000000000,1.000000000000,trade,confirmed,
0fef20a7-2a21-4f15-a980-0038fa432b33,2026-08-15T05:28:04.149Z,buy,perpetual_future,BTC,63047.410000000000,1.000000000000,trade,confirmed,
c08e2783-86b1-454e-bce2-35a9395301fd,2026-08-15T05:28:06.516Z,sell,perpetual_future,BTC,63039.250000000000,1.000000000000,trade,confirmed,
93415841-372d-4b22-8a57-7791305293d8,2026-08-15T05:28:07.500Z,sell,perpetual_future,BTC,63039.230000000000,1.000000000000,trade,confirmed,
11dee636-dd39-4da8-a465-da34b9390a7e,2026-08-15T05:28:08.280Z,sell,perpetual_future,BTC,63039.210000000000,1.000000000000,trade,confirmed,
f61f174a-b3e6-4ec8-a4ea-a0366addcda4,2026-08-15T05:28:09.288Z,sell,perpetual_future,BTC,63038.820000000000,1.000000000000,trade,confirmed,
268b7bc8-f1ed-4d87-beca-59f1fd98025f,2026-08-15T05:28:10.249Z,sell,perpetual_future,BTC,63039.080000000000,1.000000000000,trade,confirmed,
5ddb6aaa-83c7-43e6-9b80-1397adbf920c,2026-08-15T05:28:11.184Z,sell,perpetual_future,BTC,63039.190000000000,1.000000000000,trade,confirmed,
73fbf224-27ca-4cbb-a219-b90b3e178641,2026-08-15T05:28:12.014Z,sell,perpetual_future,BTC,63039.050000000000,1.000000000000,trade,confirmed,
d37177ae-9a3b-4f66-b115-bcaeee9a102d,2026-08-15T05:28:13.046Z,sell,perpetual_future,BTC,63038.970000000000,1.000000000000,trade,confirmed,
ca40ce9f-9ce8-4b6e-a628-bcdce6228955,2026-08-15T05:28:13.884Z,sell,perpetual_future,BTC,63038.990000000000,1.000000000000,trade,confirmed,
1b7d22b2-36d0-42e5-8aee-38ef44cd96b1,2026-08-15T05:28:14.860Z,sell,perpetual_future,BTC,63038.860000000000,1.000000000000,trade,confirmed,
5801cf33-1718-4628-b654-c0ae9b4d12d4,2026-08-15T05:28:15.699Z,sell,perpetual_future,BTC,63038.810000000000,1.000000000000,trade,confirmed,
7b0c6794-cef1-43e0-a6de-4465ae14caf7,2026-08-15T05:28:16.550Z,sell,perpetual_future,BTC,63038.900000000000,1.000000000000,trade,confirmed,
39c81622-f9e5-420a-ad6e-07df30985055,2026-08-15T05:28:17.406Z,sell,perpetual_future,BTC,63038.900000000000,1.000000000000,trade,confirmed,
ac9c930a-8204-417c-8112-70486f3890bb,2026-08-15T05:28:18.351Z,sell,perpetual_future,BTC,63038.830000000000,1.000000000000,trade,confirmed,
c8d5c2d8-78f4-4b35-bfc1-7955b5b40720,2026-08-15T05:28:19.308Z,sell,perpetual_future,BTC,63039.020000000000,1.000000000000,trade,confirmed,
c2836eae-70af-4c13-b569-5ade729b5722,2026-08-15T05:28:20.187Z,sell,perpetual_future,BTC,63038.890000000000,1.000000000000,trade,confirmed,
3f937c5d-ac0c-44ae-88a5-2fdc21c5b37a,2026-08-15T05:28:21.020Z,sell,perpetual_future,BTC,63038.890000000000,1.000000000000,trade,confirmed,
f78c1589-cb79-46f0-ba66-09c737961d95,2026-08-15T05:28:21.853Z,sell,perpetual_future,BTC,63039.020000000000,1.000000000000,trade,confirmed,
84c8deb6-f3de-40ca-8f9f-6a854f1252dc,2026-08-15T05:28:22.954Z,sell,perpetual_future,BTC,63039.100000000000,1.000000000000,trade,confirmed,
85904017-b056-4a9d-9cdb-e64eac6c3cc5,2026-08-15T05:28:24.320Z,sell,perpetual_future,BTC,63039.000000000000,1.000000000000,trade,confirmed,
a3f6eeb2-8a84-4bd2-b9d9-e668156b45bb,2026-08-15T07:28:08.442Z,buy,perpetual_rwa_future,IREN,44.456000000000,112.641000000000,trade,confirmed,
6ab4287b-83fd-4689-945f-e2438dcada0a,2026-08-15T07:28:27.279Z,buy,perpetual_rwa_future,IREN,44.450200000000,112.485000000000,trade,confirmed,
f4bc61f9-21a5-42b4-b008-ef37d2378279,2026-08-15T10:39:18.596Z,sell,perpetual_rwa_future,ANTHROPIC,1726.050000000000,1.448430000000,trade,confirmed,
69f81c94-22ea-470f-8656-440ce4f483ff,2026-08-15T01:02:08.722Z,buy,perpetual_rwa_future,MU,972.426000000000,5.141700000000,trade,confirmed,
ee9066e3-d6c2-42e3-a395-45d29f4a57ea,2026-08-15T01:19:46.805Z,buy,perpetual_rwa_future,MU,972.569000000000,10.282900000000,trade,confirmed,
783010cc-721f-406c-9a68-61a7a959f8f2,2026-08-14T06:54:59.969Z,sell,perpetual_future,ETH,1870.980000000000,30.000000000000,trade,confirmed,
e08e2cff-88a3-4854-b8a3-df2d384ea125,2026-08-14T06:55:06.457Z,sell,perpetual_future,BTC,62934.490000000000,1.500000000000,trade,confirmed,
a5d86cbf-0a82-4a42-a9a4-204f71c63cbc,2026-08-14T12:21:03.957Z,buy,perpetual_future,BTC,62761.380000000000,1.000000000000,trade,confirmed,
d427e738-87c6-43ce-8f01-8c8597c1b53d,2026-08-14T12:21:04.665Z,buy,perpetual_future,BTC,62760.960000000000,1.000000000000,trade,confirmed,
27dc38d3-1d16-4e6f-8e9d-1bf37b6f5171,2026-08-14T12:21:05.283Z,buy,perpetual_future,BTC,62760.960000000000,1.000000000000,trade,confirmed,
c3d5cdf7-bd86-4a37-a54c-0a7c304f52c5,2026-08-14T12:21:05.810Z,buy,perpetual_future,BTC,62759.360000000000,1.000000000000,trade,confirmed,
12948d15-48f1-4bf8-91ef-855c56774c9a,2026-08-14T12:21:06.572Z,buy,perpetual_future,BTC,62757.710000000000,1.000000000000,trade,confirmed,
676fd098-cd4f-4094-a9db-e39fb1e7ad70,2026-08-14T12:21:07.592Z,buy,perpetual_future,BTC,62759.240000000000,1.000000000000,trade,confirmed,
a62fe5b3-40fc-43e5-a8ba-08df33569852,2026-08-14T12:21:08.376Z,buy,perpetual_future,BTC,62759.220000000000,1.000000000000,trade,confirmed,
032f1b4f-ec85-4797-a2ac-a4c1375a23b3,2026-08-14T12:21:09.137Z,buy,perpetual_future,BTC,62759.050000000000,1.000000000000,trade,confirmed,
1d388ea3-788a-4bde-8e23-8ecdd250f27c,2026-08-14T12:21:11.156Z,buy,perpetual_future,BTC,62747.900000000000,1.000000000000,trade,confirmed,
73cc1bb1-52aa-4645-8a5c-a14f19706bfc,2026-08-14T12:21:12.137554Z,buy,perpetual_future,BTC,62745.770000000000,1.000000000000,trade,confirmed,
9ab13f05-f62d-4ef8-8e0d-6f38b7fd84c4,2026-08-14T12:21:16.396Z,buy,perpetual_future,BTC,62742.160000000000,1.000000000000,trade,confirmed,
14ca2705-2953-492d-8280-3c900d749c24,2026-08-14T12:21:17.153Z,buy,perpetual_future,BTC,62741.660000000000,1.000000000000,trade,confirmed,
7240ce9b-65db-4974-8fee-1d72e6f7c4f6,2026-08-14T12:21:18.502Z,buy,perpetual_future,BTC,62742.440000000000,1.000000000000,trade,confirmed,
a8be48db-218e-42d6-aff3-23b652d44ae5,2026-08-14T12:21:19.478Z,buy,perpetual_future,BTC,62742.540000000000,1.000000000000,trade,confirmed,
06be7863-972b-49cc-8b0a-83267e0e4a3b,2026-08-14T12:21:20.240Z,buy,perpetual_future,BTC,62740.320000000000,1.000000000000,trade,confirmed,
d3aec709-3763-4f39-9479-6f8edd0bbebf,2026-08-14T12:21:21.068Z,buy,perpetual_future,BTC,62742.780000000000,1.000000000000,trade,confirmed,
b83280aa-1d8e-4580-9f21-a2a459d2657c,2026-08-14T12:21:21.829Z,buy,perpetual_future,BTC,62742.810000000000,1.000000000000,trade,confirmed,
9dcde2e4-8eb3-4cd9-aec4-5c4065f0255d,2026-08-14T12:21:23.148Z,buy,perpetual_future,BTC,62745.070000000000,1.000000000000,trade,confirmed,
2f8d4209-a8a9-4f24-990c-c0d25ba5eae6,2026-08-14T12:21:24.713Z,buy,perpetual_future,BTC,62743.850000000000,1.000000000000,trade,confirmed,
7f1fc736-9732-4424-b1c4-a8412a948a2e,2026-08-14T12:21:25.788Z,buy,perpetual_future,BTC,62744.140000000000,1.000000000000,trade,confirmed,
f1ae908c-c3e7-4ae2-aa0b-21dd44f5cdd4,2026-08-14T12:21:28.548Z,sell,perpetual_future,BTC,62735.130000000000,1.000000000000,trade,confirmed,
9c0a4e14-1444-4453-bb0a-602d6244d56b,2026-08-14T12:21:29.636Z,sell,perpetual_future,BTC,62735.170000000000,1.000000000000,trade,confirmed,
cdbf6552-643d-4ca4-b436-c97cdfdaf7b4,2026-08-14T12:21:30.857Z,sell,perpetual_future,BTC,62735.230000000000,1.000000000000,trade,confirmed,
f0283b2a-e3e8-4bff-8c96-745f4791dcd0,2026-08-14T12:21:31.914Z,sell,perpetual_future,BTC,62734.580000000000,1.000000000000,trade,confirmed,
94c03972-6c4e-49b9-b847-6241ab3a10bf,2026-08-14T12:21:33.344Z,sell,perpetual_future,BTC,62734.600000000000,1.000000000000,trade,confirmed,
d46e9062-8fe1-43f0-aa46-4722e15d7826,2026-08-14T12:21:34.492Z,sell,perpetual_future,BTC,62734.820000000000,1.000000000000,trade,confirmed,
1aebc5b5-77db-489f-a374-e1991218acd7,2026-08-14T12:21:35.433Z,sell,perpetual_future,BTC,62735.050000000000,1.000000000000,trade,confirmed,
c0b5f665-28ed-49e0-847c-4e11f79b7258,2026-08-14T12:21:36.757Z,sell,perpetual_future,BTC,62736.640000000000,1.000000000000,trade,confirmed,
ab71cc0a-8a79-4057-a57d-0895d5d2528b,2026-08-14T12:21:37.740171Z,sell,perpetual_future,BTC,62736.940000000000,1.000000000000,trade,confirmed,
73d136fe-de97-4739-abd8-e992b6005218,2026-08-14T12:21:38.508Z,sell,perpetual_future,BTC,62737.010000000000,1.000000000000,trade,confirmed,
f0fb374b-3146-482c-a385-b95a07efaa20,2026-08-14T12:21:40.492Z,sell,perpetual_future,BTC,62734.340000000000,1.000000000000,trade,confirmed,
de9f87f3-371e-48d5-b15c-7b281742d350,2026-08-14T12:21:41.563Z,sell,perpetual_future,BTC,62731.850000000000,1.000000000000,trade,confirmed,
96e7ca36-03b3-431a-960c-a9de76a62028,2026-08-14T12:21:42.433Z,sell,perpetual_future,BTC,62733.000000000000,1.000000000000,trade,confirmed,
baac529e-3db2-43d2-8107-6331be20a1a9,2026-08-14T12:21:43.305Z,sell,perpetual_future,BTC,62733.860000000000,1.000000000000,trade,confirmed,
fde2f0e5-57ee-495f-9e05-83a5df835eba,2026-08-14T12:21:44.664Z,sell,perpetual_future,BTC,62733.930000000000,1.000000000000,trade,confirmed,
572002e8-4a20-4060-bf78-1c846ed9534c,2026-08-14T12:21:45.321Z,sell,perpetual_future,BTC,62733.930000000000,1.000000000000,trade,confirmed,
e1b53e18-5553-4a72-901b-93dc469420bb,2026-08-14T12:21:46.513Z,sell,perpetual_future,BTC,62725.060000000000,1.000000000000,trade,confirmed,
494a91e2-f697-4f40-8b86-58e55864bed7,2026-08-14T12:21:47.493Z,sell,perpetual_future,BTC,62715.460000000000,1.000000000000,trade,confirmed,
28fe3d7f-8ffb-43bb-b201-5600fc7272eb,2026-08-14T12:21:48.873Z,sell,perpetual_future,BTC,62713.950000000000,1.000000000000,trade,confirmed,
0632f6ea-20f0-4af3-855b-e342efb3b7ea,2026-08-14T12:21:49.652Z,sell,perpetual_future,BTC,62717.210000000000,1.000000000000,trade,confirmed,
11806c3e-d189-4907-9270-aa8be9d06cd8,2026-08-13T15:52:13.045Z,buy,perpetual_rwa_future,SNDK,1522.700000000000,3.283610000000,trade,confirmed,
8e54b00c-3232-49ee-a995-6a93cae5ed85,2026-08-13T15:53:04.923Z,sell,perpetual_future,ETH,1884.560000000000,30.000000000000,trade,confirmed,
78b83096-f343-4247-acfe-1e2134dc842a,2026-08-13T15:54:48.198Z,buy,perpetual_rwa_future,SNDK,1529.760000000000,3.272820000000,trade,confirmed,
26fde117-8e8a-44c9-913f-438a13eca9c8,2026-08-13T16:33:31.858Z,buy,perpetual_rwa_future,XAU,4366.530000000000,11.450740000000,trade,confirmed,
ac699620-3cf8-45c4-a000-f7a33259d750,2026-08-13T16:43:04.809Z,sell,perpetual_future,SOL,75.065100000000,600.000000000000,trade,confirmed,
ee13d56c-3276-4d21-ad0e-9eb31fa8ae0d,2026-08-13T16:43:13.447Z,sell,perpetual_future,HYPE,57.293300000000,500.000000000000,trade,confirmed,
b71e1376-5962-42b1-a47a-7996415519d4,2026-08-13T17:28:29.810Z,buy,perpetual_rwa_future,NBIS,254.596000000000,86.407000000000,trade,confirmed,
d0c1fddd-eeaa-4fc7-a590-63e3d7a47c2c,2026-08-13T17:48:13.208Z,sell,perpetual_rwa_future,NBIS,252.296000000000,19.812900000000,trade,confirmed,
fa7765ab-1e92-40ca-95d9-02a6a7ccaa70,2026-08-13T17:48:27.232Z,sell,perpetual_rwa_future,XAU,4359.160000000000,11.470090000000,trade,confirmed,
1d43b4ec-03aa-4a90-b59b-1fac68643f46,2026-08-13T17:58:39.692Z,sell,perpetual_rwa_future,NBIS,250.559000000000,26.734900000000,trade,confirmed,
7a43489e-e939-4f7c-b39d-1f216adba2b6,2026-08-13T19:55:00.575Z,buy,perpetual_rwa_future,MU,948.693000000000,5.263100000000,trade,confirmed,
a6534e25-1589-49d5-906b-b089f274d878,2026-08-14T01:20:42.001Z,buy,perpetual_future,BTC,63403.990000000000,1.000000000000,trade,confirmed,
1c412d21-eea5-4bcb-bca9-2eb44622b602,2026-08-14T01:20:42.813Z,buy,perpetual_future,BTC,63404.050000000000,1.000000000000,trade,confirmed,
6cb6f1da-8497-416f-b64e-e4ca39b5f73d,2026-08-14T01:20:44.037538Z,buy,perpetual_future,BTC,63403.900000000000,1.000000000000,trade,confirmed,
730c359d-fac5-4572-b17e-c65d4b79507e,2026-08-14T01:20:44.785Z,buy,perpetual_future,BTC,63403.900000000000,1.000000000000,trade,confirmed,
ee168677-51e3-4d21-be9f-1dcbe7b59d5e,2026-08-14T01:20:45.961Z,buy,perpetual_future,BTC,63407.900000000000,1.000000000000,trade,confirmed,
5eff5204-3075-480a-a800-599256add44b,2026-08-14T01:20:47.226Z,buy,perpetual_future,BTC,63407.730000000000,1.000000000000,trade,confirmed,
5a08b8df-67a3-4110-9292-553f36a26295,2026-08-14T01:20:48.201Z,buy,perpetual_future,BTC,63407.690000000000,1.000000000000,trade,confirmed,
0d510861-e562-45e5-ab09-2ce446edfaae,2026-08-14T01:20:49.361Z,buy,perpetual_future,BTC,63406.940000000000,1.000000000000,trade,confirmed,
98a81441-b2de-4d1e-aea4-3c4f8b10d8e6,2026-08-14T01:20:50.372Z,buy,perpetual_future,BTC,63406.600000000000,1.000000000000,trade,confirmed,
2c5e954d-699f-4329-9d0e-4ceee66c2606,2026-08-14T01:20:51.606Z,buy,perpetual_future,BTC,63411.460000000000,1.000000000000,trade,confirmed,
cfa4635f-d96e-4d5a-ad66-30e7010b7f09,2026-08-14T01:20:52.660Z,buy,perpetual_future,BTC,63421.610000000000,1.000000000000,trade,confirmed,
e04a933a-f39f-4c64-9c83-e57e2a55f631,2026-08-14T01:20:53.746Z,buy,perpetual_future,BTC,63422.090000000000,1.000000000000,trade,confirmed,
002af378-350b-4383-ba8a-14e6cfdcae81,2026-08-14T01:20:54.806Z,buy,perpetual_future,BTC,63421.100000000000,1.000000000000,trade,confirmed,
b58a4392-62d8-4f3c-a5dc-0a5a038656e9,2026-08-14T01:20:55.885Z,buy,perpetual_future,BTC,63425.950000000000,1.000000000000,trade,confirmed,
d09c4b9d-b275-4aa7-8e86-141cea40e93a,2026-08-14T01:20:57.058Z,buy,perpetual_future,BTC,63426.760000000000,1.000000000000,trade,confirmed,
8948807a-fb31-444d-a788-b913571da9cf,2026-08-14T01:20:58.022Z,buy,perpetual_future,BTC,63428.580000000000,1.000000000000,trade,confirmed,
72f3976f-4f1d-4ab4-8d5a-c7e61655e20b,2026-08-14T01:20:59.245Z,buy,perpetual_future,BTC,63428.960000000000,1.000000000000,trade,confirmed,
3513ca4b-b808-4f1d-ba96-99c153a84a11,2026-08-14T01:21:00.495609Z,buy,perpetual_future,BTC,63429.070000000000,1.000000000000,trade,confirmed,
53723a4c-025b-496f-81bf-e1e504bf1732,2026-08-14T01:21:01.648Z,buy,perpetual_future,BTC,63427.570000000000,1.000000000000,trade,confirmed,
72011c1c-b3cb-445f-99d4-21be6bc091e2,2026-08-14T01:21:02.586Z,buy,perpetual_future,BTC,63425.630000000000,1.000000000000,trade,confirmed,
8eeff7bf-b2cd-46c1-9637-d83ab665e147,2026-08-14T01:21:05.082Z,sell,perpetual_future,BTC,63417.820000000000,1.000000000000,trade,confirmed,
cc129d88-33c3-43fa-a273-1a678fd30d73,2026-08-14T01:21:06.121Z,sell,perpetual_future,BTC,63418.620000000000,1.000000000000,trade,confirmed,
a84bfaac-9f0a-4a19-a71c-94cefc7403a3,2026-08-14T01:21:07.090Z,sell,perpetual_future,BTC,63419.860000000000,1.000000000000,trade,confirmed,
6ba7bcc1-d893-4320-8ce6-23a71bd676cd,2026-08-14T01:21:08.281Z,sell,perpetual_future,BTC,63419.800000000000,1.000000000000,trade,confirmed,
edc76d77-9db1-48cf-be3b-6422211cf909,2026-08-14T01:21:09.337399Z,sell,perpetual_future,BTC,63420.500000000000,1.000000000000,trade,confirmed,
257376b4-e44f-461a-a46c-3bb7736cbdf7,2026-08-14T01:21:10.518Z,sell,perpetual_future,BTC,63418.750000000000,1.000000000000,trade,confirmed,
5cddc4ee-6d5e-40e2-8277-7fd83103779a,2026-08-14T01:21:11.561Z,sell,perpetual_future,BTC,63417.590000000000,1.000000000000,trade,confirmed,
3741eddd-ad8f-4590-91d1-6171f7ea6d6a,2026-08-14T01:21:12.718Z,sell,perpetual_future,BTC,63417.090000000000,1.000000000000,trade,confirmed,
7d1c3848-4dd1-4487-bd66-1d4cf73d8215,2026-08-14T01:21:13.813Z,sell,perpetual_future,BTC,63417.070000000000,1.000000000000,trade,confirmed,
40a98086-abf4-4298-bedd-9e5afb76d117,2026-08-14T01:21:15.106Z,sell,perpetual_future,BTC,63417.480000000000,1.000000000000,trade,confirmed,
7a18c273-2431-4a1f-9aa9-e7c6b622eea6,2026-08-14T01:21:16.482Z,sell,perpetual_future,BTC,63417.790000000000,1.000000000000,trade,confirmed,
3d570bfa-67be-49e8-8efb-72c8f5be30d7,2026-08-14T01:21:17.566Z,sell,perpetual_future,BTC,63418.650000000000,1.000000000000,trade,confirmed,
741aebaa-8e85-4121-8111-208df4b09386,2026-08-14T01:21:18.612Z,sell,perpetual_future,BTC,63428.550000000000,1.000000000000,trade,confirmed,
4304f25c-f1b9-459f-9d0c-3b6cd7d94a92,2026-08-14T01:21:20.014Z,sell,perpetual_future,BTC,63428.380000000000,1.000000000000,trade,confirmed,
8e25f4a9-cd33-459b-b006-88976083bf6f,2026-08-14T01:21:21.194Z,sell,perpetual_future,BTC,63428.650000000000,1.000000000000,trade,confirmed,
6ca3c34d-5295-43f4-a06c-a0c7ac15f5b0,2026-08-14T01:21:22.473Z,sell,perpetual_future,BTC,63429.070000000000,1.000000000000,trade,confirmed,
ec78c51f-8627-4f4d-84cc-631abecbad3f,2026-08-14T01:21:23.657365Z,sell,perpetual_future,BTC,63424.760000000000,1.000000000000,trade,confirmed,
54a58219-e53a-4a46-968c-1882e951b4c1,2026-08-14T01:21:24.834Z,sell,perpetual_future,BTC,63424.970000000000,1.000000000000,trade,confirmed,
8793a42c-f692-4464-a4d6-9850c8cfafee,2026-08-14T01:21:28.246Z,sell,perpetual_future,BTC,63429.720000000000,1.000000000000,trade,confirmed,
8d2a3989-39c1-47b6-9cf0-2da7034b07b2,2026-08-14T01:21:31.065Z,sell,perpetual_future,BTC,63430.130000000000,1.000000000000,trade,confirmed,
4c6e1dba-bed9-4bf7-9474-0ac0dc1dae18,2026-08-13T09:08:14.975Z,sell,perpetual_rwa_future,DRAM,54.192100000000,197.399000000000,trade,confirmed,
ff344390-b88a-4f62-85a0-20e06730c1a1,2026-08-13T09:08:21.304Z,sell,perpetual_rwa_future,SOXL,142.044000000000,142.229900000000,trade,confirmed,
1496328d-99b1-4f58-8fec-f733d23cb9ee,2026-08-13T09:08:31.286Z,sell,perpetual_rwa_future,MU,905.957000000000,17.041600000000,trade,confirmed,
348271a2-c257-4132-b1d2-766a7ea9f0ad,2026-08-13T09:08:37.540Z,sell,perpetual_rwa_future,SNDK,1340.510000000000,8.463290000000,trade,confirmed,
7317ed22-b212-4079-b785-8f85154d6327,2026-08-13T09:16:03.437Z,sell,perpetual_rwa_future,SNDK,1335.860000000000,8.324340000000,trade,confirmed,
a9f27010-40b5-40b8-be3b-9f372865d3f4,2026-08-13T09:16:08.014Z,sell,perpetual_rwa_future,MU,902.771000000000,16.902800000000,trade,confirmed,
7d791c9c-6472-4003-b8dd-538bef73b22c,2026-08-13T09:37:56.630Z,buy,perpetual_future,BTC,63597.100000000000,1.000000000000,trade,confirmed,
d76f33b2-7d35-460f-b7ed-6a267f0aacba,2026-08-13T09:37:57.218Z,buy,perpetual_future,BTC,63597.100000000000,1.000000000000,trade,confirmed,
50fd8437-d30b-48de-97dc-d64299013792,2026-08-13T09:37:58.129Z,buy,perpetual_future,BTC,63597.000000000000,1.000000000000,trade,confirmed,
98f1f009-8f67-4d34-bf66-56eda7c7695f,2026-08-13T09:37:59.038Z,buy,perpetual_future,BTC,63597.030000000000,1.000000000000,trade,confirmed,
771c2664-9188-40c8-a1db-26577cb8bcab,2026-08-13T09:37:59.917Z,buy,perpetual_future,BTC,63596.990000000000,1.000000000000,trade,confirmed,
a2db920b-f11d-4f4d-9057-19baa5522f22,2026-08-13T09:38:00.800Z,buy,perpetual_future,BTC,63597.190000000000,1.000000000000,trade,confirmed,
3177b9cd-bb02-4ae6-93a6-620ad0cce673,2026-08-13T09:38:01.939Z,buy,perpetual_future,BTC,63597.200000000000,1.000000000000,trade,confirmed,
80ce9c3f-cbf5-47b7-8e6e-a4d5f10635d9,2026-08-13T09:38:03.106Z,buy,perpetual_future,BTC,63598.590000000000,1.000000000000,trade,confirmed,
1280f726-8377-4da3-987d-0655a16569b7,2026-08-13T09:38:04.241Z,buy,perpetual_future,BTC,63597.720000000000,1.000000000000,trade,confirmed,
26db4eb8-ff9e-4254-ab7d-126a24df42ad,2026-08-13T09:38:05.450Z,buy,perpetual_future,BTC,63597.280000000000,1.000000000000,trade,confirmed,
295fb905-254a-4015-adc3-2d2316106422,2026-08-13T09:38:06.830Z,buy,perpetual_future,BTC,63597.460000000000,1.000000000000,trade,confirmed,
9e63bca7-ac59-4ab4-91ce-e87e909218d1,2026-08-13T09:38:08.096Z,buy,perpetual_future,BTC,63597.150000000000,1.000000000000,trade,confirmed,
c5d18423-5467-4227-8181-34174df2cc6d,2026-08-13T09:38:09.579Z,buy,perpetual_future,BTC,63597.030000000000,1.000000000000,trade,confirmed,
691d8657-73b3-4bad-9550-6efa54ac90b8,2026-08-13T09:38:10.770Z,buy,perpetual_future,BTC,63597.190000000000,1.000000000000,trade,confirmed,
9fe84ac8-4a9e-4dc8-8da7-8ec0ccbcdfca,2026-08-13T09:38:12.081Z,buy,perpetual_future,BTC,63596.970000000000,1.000000000000,trade,confirmed,
6c4ba764-7f2b-4051-9383-1a47341cbf46,2026-08-13T09:38:13.195Z,buy,perpetual_future,BTC,63597.750000000000,1.000000000000,trade,confirmed,
f1ff7524-063a-4186-9ac2-4cd10e16515c,2026-08-13T09:38:14.533Z,buy,perpetual_future,BTC,63597.750000000000,1.000000000000,trade,confirmed,
d545d302-3660-44dc-9102-555ab2388daa,2026-08-13T09:38:15.822Z,buy,perpetual_future,BTC,63597.540000000000,1.000000000000,trade,confirmed,
bf8fbf47-c565-4733-952a-dc4a9e78e8b6,2026-08-13T09:38:17.186Z,buy,perpetual_future,BTC,63597.470000000000,1.000000000000,trade,confirmed,
f59e43ca-3c8e-4cec-b193-a3da1eafd6d8,2026-08-13T09:38:18.427Z,buy,perpetual_future,BTC,63597.820000000000,1.000000000000,trade,confirmed,
40ac6d13-c85d-4dc2-aeaf-e4fac7137c21,2026-08-13T09:38:20.497271Z,sell,perpetual_future,BTC,63589.850000000000,1.000000000000,trade,confirmed,
f12dad6f-4e6f-4a67-9376-b06cff6021e2,2026-08-13T09:38:21.766Z,sell,perpetual_future,BTC,63589.530000000000,1.000000000000,trade,confirmed,
80f2b898-ef01-4e68-9fd1-d7ec01515752,2026-08-13T09:38:23.217Z,sell,perpetual_future,BTC,63589.550000000000,1.000000000000,trade,confirmed,
70a2497b-857b-4014-9d8f-51abb0e9d3e3,2026-08-13T09:38:24.846Z,sell,perpetual_future,BTC,63589.720000000000,1.000000000000,trade,confirmed,
eb09563f-5bb6-431d-960c-5d1a6ddba7ff,2026-08-13T09:38:26.908Z,sell,perpetual_future,BTC,63589.410000000000,1.000000000000,trade,confirmed,
6bb2b2c4-7a8c-48af-b640-d2161ba40a77,2026-08-13T09:38:28.494Z,sell,perpetual_future,BTC,63589.470000000000,1.000000000000,trade,confirmed,
6f560c92-4c86-4be9-a2e7-715194cc688e,2026-08-13T09:38:30.499Z,sell,perpetual_future,BTC,63589.010000000000,1.000000000000,trade,confirmed,
68da93e9-196f-4fed-b583-9e2bf2e2d40b,2026-08-13T09:38:32.013Z,sell,perpetual_future,BTC,63589.410000000000,1.000000000000,trade,confirmed,
716e7d81-b632-4e5f-9dad-8e807073a490,2026-08-13T09:38:33.816Z,sell,perpetual_future,BTC,63589.680000000000,1.000000000000,trade,confirmed,
1b1c546f-b868-468d-ac5f-d293c321aa65,2026-08-13T09:38:35.101Z,sell,perpetual_future,BTC,63589.660000000000,1.000000000000,trade,confirmed,
3d0d3a07-16ad-4c72-a29b-bd170b7ce3c4,2026-08-13T09:38:36.810Z,sell,perpetual_future,BTC,63589.670000000000,1.000000000000,trade,confirmed,
27492d6c-7428-4d78-9c29-fccfdd5bacef,2026-08-13T09:38:38.489Z,sell,perpetual_future,BTC,63590.360000000000,1.000000000000,trade,confirmed,
fdd341f9-49e7-42c0-b4b4-a0cb753d280a,2026-08-13T09:38:39.805Z,sell,perpetual_future,BTC,63590.580000000000,1.000000000000,trade,confirmed,
588a13d7-2ed5-49fd-b4f7-e97cf7ff437b,2026-08-13T09:38:41.600Z,sell,perpetual_future,BTC,63590.620000000000,1.000000000000,trade,confirmed,
77547e0b-4eec-4adc-8055-213a39a59484,2026-08-13T09:38:43.022Z,sell,perpetual_future,BTC,63590.870000000000,1.000000000000,trade,confirmed,
70f3517a-206d-4ebd-9fbc-dfc056a9277c,2026-08-13T09:38:44.374Z,sell,perpetual_future,BTC,63591.000000000000,1.000000000000,trade,confirmed,
19e5226e-6a36-45b7-8ce2-a260eab0c64c,2026-08-13T09:38:45.763Z,sell,perpetual_future,BTC,63590.880000000000,1.000000000000,trade,confirmed,
b7ae75ee-159d-49b8-afc6-c4e8995a4805,2026-08-13T09:38:47.134Z,sell,perpetual_future,BTC,63591.240000000000,1.000000000000,trade,confirmed,
69a2d8c5-bab0-4c24-8029-744b797d03ff,2026-08-13T09:38:48.501Z,sell,perpetual_future,BTC,63590.450000000000,1.000000000000,trade,confirmed,
54b9402f-8057-43af-aa9f-f6b15a76fbde,2026-08-13T09:38:49.589Z,sell,perpetual_future,BTC,63590.440000000000,1.000000000000,trade,confirmed,
5bcea01d-8359-42be-9914-89c6d408e37d,2026-08-13T13:46:36.304Z,buy,perpetual_rwa_future,MU,931.816000000000,10.740600000000,trade,confirmed,
32d65481-7c47-4c2b-9c87-0f8d2c13ded5,2026-08-13T13:46:47.194Z,buy,perpetual_rwa_future,SNDK,1384.780000000000,7.228350000000,trade,confirmed,
f8be7c1b-96e3-45e3-8722-88f828ab6ef7,2026-08-13T13:47:06.905Z,buy,perpetual_rwa_future,SOXL,148.080000000000,67.599500000000,trade,confirmed,
0823ef2f-c84d-4d4c-af28-4b4d35ad4ff6,2026-08-13T13:47:28.738Z,buy,perpetual_rwa_future,DRAM,55.662400000000,179.751000000000,trade,confirmed,
777bb0e6-5f0d-473e-8bde-4759c5c29ea1,2026-08-13T15:14:29.254Z,buy,perpetual_future,BTC,63746.110000000000,1.000000000000,trade,confirmed,
d2892e78-ba3a-4707-8408-7302dbf1c2d2,2026-08-13T15:14:29.690Z,buy,perpetual_future,BTC,63745.780000000000,1.000000000000,trade,confirmed,
63a4ef87-8d50-438e-a8c7-01f591cf465e,2026-08-13T15:14:30.365Z,buy,perpetual_future,BTC,63745.870000000000,1.000000000000,trade,confirmed,
ad7cbfb6-9ce9-4457-8ec2-068a0e9aa33e,2026-08-13T15:14:31.059Z,buy,perpetual_future,BTC,63745.870000000000,1.000000000000,trade,confirmed,
3059f746-9818-4de7-ba75-759f16654be5,2026-08-13T15:14:31.710Z,buy,perpetual_future,BTC,63746.270000000000,1.000000000000,trade,confirmed,
1000a7ee-ee0f-4409-832d-075a8f704409,2026-08-13T15:14:32.445Z,buy,perpetual_future,BTC,63751.590000000000,1.000000000000,trade,confirmed,
876ea148-3372-4934-bcf6-6e183d5e0b54,2026-08-13T15:14:33.225Z,buy,perpetual_future,BTC,63751.590000000000,1.000000000000,trade,confirmed,
ab545008-d616-418e-9025-772c6cb315b7,2026-08-13T15:14:33.872Z,buy,perpetual_future,BTC,63751.180000000000,1.000000000000,trade,confirmed,
65421806-b964-49bb-927c-59a323d20a92,2026-08-13T15:14:37.181Z,buy,perpetual_future,BTC,63754.290000000000,1.000000000000,trade,confirmed,
3b1b6024-53b4-47c1-a5e4-501e22cd47bb,2026-08-13T15:14:38.030Z,buy,perpetual_future,BTC,63751.690000000000,1.000000000000,trade,confirmed,
339e0842-0407-471c-8ca4-79e68b68d02b,2026-08-13T15:14:40.997Z,sell,perpetual_future,BTC,63742.840000000000,1.000000000000,trade,confirmed,
cd54475b-eb5c-487c-a0bf-8acc0a64c7ee,2026-08-13T15:14:41.994Z,sell,perpetual_future,BTC,63742.010000000000,1.000000000000,trade,confirmed,
b6044ee3-236f-476b-a8c9-eb3912e81f64,2026-08-13T15:14:42.925Z,sell,perpetual_future,BTC,63743.060000000000,1.000000000000,trade,confirmed,
2280f801-18eb-4871-8597-40c55d654569,2026-08-13T15:14:43.877Z,sell,perpetual_future,BTC,63743.050000000000,1.000000000000,trade,confirmed,
591d60ab-d08c-4a16-babb-37929c24abf9,2026-08-13T15:14:44.533Z,sell,perpetual_future,BTC,63743.060000000000,1.000000000000,trade,confirmed,
e3ab56b6-59f2-461c-84fb-c55afceae992,2026-08-13T15:14:45.546Z,sell,perpetual_future,BTC,63743.030000000000,1.000000000000,trade,confirmed,
762894e1-e456-4477-9d15-1fd74b6dcf1c,2026-08-13T15:14:46.431089Z,sell,perpetual_future,BTC,63743.180000000000,1.000000000000,trade,confirmed,
075693a0-7ab5-4023-999d-00ccef9534ad,2026-08-13T15:14:47.286Z,sell,perpetual_future,BTC,63743.180000000000,1.000000000000,trade,confirmed,
79161c15-c973-4f15-b66f-6c2177ce532d,2026-08-13T15:14:48.160495Z,sell,perpetual_future,BTC,63744.610000000000,1.000000000000,trade,confirmed,
7b5e758c-2eb3-47a7-929c-603d19d56c47,2026-08-13T15:14:49.189Z,sell,perpetual_future,BTC,63744.680000000000,1.000000000000,trade,confirmed,
f2cdd778-c0b8-49a1-8b75-3dfdf78386f3,2026-08-13T15:28:42.241Z,sell,perpetual_rwa_future,SNDK,1557.130000000000,7.228350000000,trade,confirmed,
d62321ad-0adb-4052-ba04-893bab971228,2026-08-13T15:28:47.305Z,sell,perpetual_rwa_future,MU,976.381000000000,10.740600000000,trade,confirmed,
a345b8dc-bcd5-4b66-9895-857484af4d19,2026-08-13T15:28:49.406Z,sell,perpetual_rwa_future,DRAM,58.025000000000,179.751000000000,trade,confirmed,
aa3fc919-f80d-43d4-8ad6-f38d9713b6ee,2026-08-13T15:28:51.753Z,sell,perpetual_rwa_future,SOXL,153.086000000000,67.599500000000,trade,confirmed,
dc02a7fc-ad14-4306-8c3b-fbd7b258fb27,2026-08-13T15:31:28.597Z,sell,perpetual_future,BTC,63557.110000000000,2.000000000000,trade,confirmed,
7d5cf89a-7940-423c-b798-4168d0cfb60c,2026-08-12T07:15:36.763Z,buy,perpetual_rwa_future,XAU,4402.400000000000,11.356710000000,trade,confirmed,
4ff23525-bbbc-413d-a1d0-626c3412d54d,2026-08-12T08:30:41.049Z,buy,perpetual_rwa_future,MU,895.598000000000,11.166200000000,trade,confirmed,
f4d16478-c055-4e03-acaa-18e6440f937e,2026-08-11T07:25:05.747Z,sell,perpetual_rwa_future,SNDK,1246.110000000000,8.023810000000,trade,confirmed,
64ad73b6-0d7a-4ae8-affd-c2590e69fe73,2026-08-10T05:15:53.394Z,buy,perpetual_future,BTC,64954.320000000000,1.000000000000,trade,confirmed,
3e28b240-41fe-4a14-a8a2-5b801fcfe646,2026-08-10T05:15:53.914Z,buy,perpetual_future,BTC,64955.090000000000,1.000000000000,trade,confirmed,
c4333b6a-5302-48cc-9123-bc131d2aae5f,2026-08-10T05:15:54.233Z,buy,perpetual_future,BTC,64955.350000000000,1.000000000000,trade,confirmed,
047a33e2-623f-450c-b1d3-c72dc5496eaf,2026-08-10T05:15:54.802Z,buy,perpetual_future,BTC,64955.350000000000,1.000000000000,trade,confirmed,
8a72c3a2-4705-4d40-ad02-15349a2e823a,2026-08-10T05:15:55.525Z,buy,perpetual_future,BTC,64955.350000000000,1.000000000000,trade,confirmed,
760003e5-f634-4e64-976b-da7b4c2384c4,2026-08-10T05:15:56.142Z,buy,perpetual_future,BTC,64956.330000000000,1.000000000000,trade,confirmed,
52a2f92c-8981-4037-b9b7-dea285090941,2026-08-10T05:15:56.793Z,buy,perpetual_future,BTC,64956.380000000000,1.000000000000,trade,confirmed,
b94e1106-b73c-4402-8bc7-e56e5cb8a2be,2026-08-10T05:15:57.417Z,buy,perpetual_future,BTC,64956.210000000000,1.000000000000,trade,confirmed,
73d8f7e1-b48a-43f3-912b-39f7f35912e9,2026-08-10T05:15:58.163Z,buy,perpetual_future,BTC,64956.620000000000,1.000000000000,trade,confirmed,
ff856ea7-5a24-4099-9242-9549eb8f471e,2026-08-10T05:16:00.285Z,buy,perpetual_future,BTC,64958.850000000000,1.000000000000,trade,confirmed,
c3134e90-c4d4-4288-98b7-205f18be136c,2026-08-10T05:16:02.505Z,sell,perpetual_future,BTC,64949.660000000000,1.000000000000,trade,confirmed,
717ada77-08a1-4cf7-9f1d-380240767103,2026-08-10T05:16:03.250Z,sell,perpetual_future,BTC,64949.350000000000,1.000000000000,trade,confirmed,
775dcbde-5bb1-48f8-8c84-582384c3b292,2026-08-10T05:16:04.217268Z,sell,perpetual_future,BTC,64950.050000000000,1.000000000000,trade,confirmed,
605aa387-b81b-4503-b12c-6566f993ae6a,2026-08-10T05:16:05.158Z,sell,perpetual_future,BTC,64951.450000000000,1.000000000000,trade,confirmed,
715ef5a5-8930-4cca-b231-5c3550880f86,2026-08-10T05:16:06.133Z,sell,perpetual_future,BTC,64952.580000000000,1.000000000000,trade,confirmed,
5c896919-fbaa-4b44-b9bb-83f51a5a189f,2026-08-10T05:16:07.208Z,sell,perpetual_future,BTC,64950.960000000000,1.000000000000,trade,confirmed,
d5608154-46e0-4875-81c6-35838970f1f7,2026-08-10T05:16:08.066Z,sell,perpetual_future,BTC,64951.440000000000,1.000000000000,trade,confirmed,
8dcf1606-5b1a-4229-9d44-82b2ca31f542,2026-08-10T05:16:08.801Z,sell,perpetual_future,BTC,64950.930000000000,1.000000000000,trade,confirmed,
a4e0d9c7-a861-412d-93ca-f8d94949b471,2026-08-10T05:16:09.664Z,sell,perpetual_future,BTC,64951.180000000000,1.000000000000,trade,confirmed,
b9eb8155-0875-48c2-a447-45c3db1fa99f,2026-08-10T05:16:10.631Z,sell,perpetual_future,BTC,64950.860000000000,1.000000000000,trade,confirmed,
045e1714-6317-4c7a-8564-0802b5a10e3c,2026-08-10T06:06:20.632Z,sell,perpetual_future,BTC,65139.830000000000,2.500000000000,trade,confirmed,
49421544-193a-4735-8e52-6c612adc9a75,2026-08-10T06:06:53.730Z,buy,perpetual_future,ETH,1924.240000000000,60.000000000000,trade,confirmed,
b14ffe6c-79f7-49c4-9010-8075ca9fcb03,2026-08-10T07:30:02.293Z,sell,perpetual_future,OVERTAKE,0.062410000000,8026.000000000000,trade,confirmed,
cec57974-735a-4fe2-bc27-b3875b019d77,2026-08-10T10:53:00.682Z,buy,perpetual_future,BTC,64961.630000000000,1.000000000000,trade,confirmed,
7d865da4-3c83-43fc-826c-46ad902cdca4,2026-08-10T10:53:01.373Z,buy,perpetual_future,BTC,64961.610000000000,1.000000000000,trade,confirmed,
51131066-b0a1-41aa-8f6b-41fbaa1f920b,2026-08-10T10:53:02.111Z,buy,perpetual_future,BTC,64961.680000000000,1.000000000000,trade,confirmed,
449377f9-d50c-4726-a119-9877453ca880,2026-08-10T10:53:03.186Z,buy,perpetual_future,BTC,64961.670000000000,1.000000000000,trade,confirmed,
3c16e966-5534-4532-ae0e-884a70038b9e,2026-08-10T10:53:03.532Z,buy,perpetual_future,BTC,64961.570000000000,1.000000000000,trade,confirmed,
4b084290-b1ef-4038-a3a8-740212e38842,2026-08-10T10:53:04.665Z,buy,perpetual_future,BTC,64961.600000000000,1.000000000000,trade,confirmed,
2902d2b6-11cb-4f92-8802-f8fdc4e207a5,2026-08-10T10:53:05.585Z,buy,perpetual_future,BTC,64961.650000000000,1.000000000000,trade,confirmed,
ada8a596-9992-45ee-9436-68cf198a8655,2026-08-10T10:53:06.580Z,buy,perpetual_future,BTC,64961.630000000000,1.000000000000,trade,confirmed,
bfd84d6e-4ab5-4e33-9a28-d940d6013e98,2026-08-10T10:53:07.297Z,buy,perpetual_future,BTC,64961.590000000000,1.000000000000,trade,confirmed,
2e5d129e-68be-4cff-9a17-500b7ac6eae6,2026-08-10T10:53:08.186Z,buy,perpetual_future,BTC,64961.660000000000,1.000000000000,trade,confirmed,
4f240ee7-5e65-41a6-ab56-7e43e8bd42bd,2026-08-10T10:53:10.155Z,sell,perpetual_future,BTC,64953.320000000000,1.000000000000,trade,confirmed,
ebfb6b94-2ec0-4ca6-8003-83e6d807012e,2026-08-10T10:53:10.985Z,sell,perpetual_future,BTC,64953.340000000000,1.000000000000,trade,confirmed,
6551b306-20df-4e35-a0f8-b97b78392282,2026-08-10T10:53:11.906Z,sell,perpetual_future,BTC,64953.410000000000,1.000000000000,trade,confirmed,
ea93ea53-4a0b-4ef6-b05e-6ef62933a6a1,2026-08-10T10:53:12.787Z,sell,perpetual_future,BTC,64953.420000000000,1.000000000000,trade,confirmed,
f431b0f7-c08b-4cc5-8626-5f703655531d,2026-08-10T10:53:13.834Z,sell,perpetual_future,BTC,64953.410000000000,1.000000000000,trade,confirmed,
8ac52de5-ae87-4cc1-8184-f1a9b61f9bc9,2026-08-10T10:53:14.549Z,sell,perpetual_future,BTC,64953.430000000000,1.000000000000,trade,confirmed,
d6ec2cd2-b031-4690-bec4-0416d0c91056,2026-08-10T10:53:15.713Z,sell,perpetual_future,BTC,64953.550000000000,1.000000000000,trade,confirmed,
a6c816da-3254-44bb-955e-6b5c60259250,2026-08-10T10:53:16.526Z,sell,perpetual_future,BTC,64953.200000000000,1.000000000000,trade,confirmed,
9eafa2dd-7b79-4a2e-bb3b-b0a2fa7c210a,2026-08-10T10:53:17.284Z,sell,perpetual_future,BTC,64953.200000000000,1.000000000000,trade,confirmed,
a1e3e10c-3ed0-421d-aac4-cf702dc622f5,2026-08-10T10:53:18.273Z,sell,perpetual_future,BTC,64953.280000000000,1.000000000000,trade,confirmed,
04530b0a-188d-4f7e-b5e0-f7695fb2ab62,2026-08-10T11:15:53.649Z,buy,perpetual_rwa_future,SNDK,1199.990000000000,8.335970000000,trade,confirmed,
5922f11c-6817-48b0-924b-b4f60dbaf5e4,2026-08-10T12:10:24.905Z,buy,perpetual_rwa_future,XAU,4337.590000000000,11.527210000000,trade,confirmed,
1c3a77d3-92a4-498e-b284-328e8e717c30,2026-08-10T12:22:15.319Z,sell,perpetual_rwa_future,XAU,4329.450000000000,11.548810000000,trade,confirmed,
2cd5765b-8ab5-489a-bda9-6d1a5339d416,2026-08-09T13:22:09.153Z,buy,perpetual_future,BTC,64972.900000000000,1.000000000000,trade,confirmed,
ca4c62eb-1a13-47bc-9e1b-4fe8386805fd,2026-08-09T13:22:09.886Z,buy,perpetual_future,BTC,64973.790000000000,1.000000000000,trade,confirmed,
d4a590c3-ed67-4748-89fd-65bf782d0dbb,2026-08-09T13:22:10.509Z,buy,perpetual_future,BTC,64973.410000000000,1.000000000000,trade,confirmed,
eaf5c4ec-ee74-459d-89ae-cda2a297310b,2026-08-09T13:22:11.477Z,buy,perpetual_future,BTC,64972.730000000000,1.000000000000,trade,confirmed,
9ab401b3-5dd8-4ec8-8101-f59f19077cab,2026-08-09T13:22:12.317Z,buy,perpetual_future,BTC,64973.370000000000,1.000000000000,trade,confirmed,
2560931c-9fe2-45cf-ab5f-143742e81055,2026-08-09T13:22:13.285Z,buy,perpetual_future,BTC,64973.100000000000,1.000000000000,trade,confirmed,
c726e1bc-c637-45f7-9397-2285afd951ef,2026-08-09T13:22:14.105Z,buy,perpetual_future,BTC,64973.100000000000,1.000000000000,trade,confirmed,
946b8c02-8e6f-4aa1-ac6e-d2ecc9cdd80c,2026-08-09T13:22:14.861Z,buy,perpetual_future,BTC,64973.120000000000,1.000000000000,trade,confirmed,
e9291bcd-41e4-4fea-ae67-36a86effcf9c,2026-08-09T13:22:15.721Z,buy,perpetual_future,BTC,64973.190000000000,1.000000000000,trade,confirmed,
53aaaaf0-0658-4b59-9ef3-3c46d1a55e1d,2026-08-09T13:22:16.525Z,buy,perpetual_future,BTC,64973.300000000000,1.000000000000,trade,confirmed,
28f31cbd-fb40-4493-ae09-eb797ec24f91,2026-08-09T13:22:17.801Z,buy,perpetual_future,BTC,64972.810000000000,1.000000000000,trade,confirmed,
dd215b16-e149-4bfc-a055-b769a8050243,2026-08-09T13:22:18.691Z,buy,perpetual_future,BTC,64972.800000000000,1.000000000000,trade,confirmed,
aec048df-db5c-4ea0-b56f-5f7f8dd04943,2026-08-09T13:22:19.516Z,buy,perpetual_future,BTC,64972.800000000000,1.000000000000,trade,confirmed,
9714ea01-b803-4d07-8bf2-347ca9666784,2026-08-09T13:22:20.454Z,buy,perpetual_future,BTC,64972.710000000000,1.000000000000,trade,confirmed,
c0abbd65-2428-4299-a195-49e71da4a873,2026-08-09T13:22:21.424Z,buy,perpetual_future,BTC,64972.690000000000,1.000000000000,trade,confirmed,
944066e8-efcb-4795-b7e6-67cd954610c6,2026-08-09T13:22:22.389Z,buy,perpetual_future,BTC,64972.870000000000,1.000000000000,trade,confirmed,
2ddbf683-d390-421e-9a2d-935b24bc43d6,2026-08-09T13:22:23.381Z,buy,perpetual_future,BTC,64972.570000000000,1.000000000000,trade,confirmed,
abb42751-f29a-4275-8465-5959f909f72e,2026-08-09T13:22:24.326Z,buy,perpetual_future,BTC,64972.540000000000,1.000000000000,trade,confirmed,
c19a0632-bc1c-46b5-9c2c-29cfd8f8bfbc,2026-08-09T13:22:25.289Z,buy,perpetual_future,BTC,64972.550000000000,1.000000000000,trade,confirmed,
9e2e4957-fd6a-4e07-afd4-4f7689ac4ffc,2026-08-09T13:22:26.100Z,buy,perpetual_future,BTC,64972.390000000000,1.000000000000,trade,confirmed,
d29a88bb-a860-41d5-b325-e3ef20f30e4a,2026-08-09T13:22:28.449Z,sell,perpetual_future,BTC,64963.880000000000,1.000000000000,trade,confirmed,
a33c6279-6d48-4c8c-8253-f78e1765f5d9,2026-08-09T13:22:29.453Z,sell,perpetual_future,BTC,64963.820000000000,1.000000000000,trade,confirmed,
d5bb27fe-79a8-49a2-a381-aa0a97701963,2026-08-09T13:22:30.313Z,sell,perpetual_future,BTC,64963.960000000000,1.000000000000,trade,confirmed,
23d65756-3e10-45e5-bcc4-b1c1078df348,2026-08-09T13:22:31.445Z,sell,perpetual_future,BTC,64963.750000000000,1.000000000000,trade,confirmed,
28e234fa-2e1e-4ec3-90ef-3b5ec687fe47,2026-08-09T13:22:32.858Z,sell,perpetual_future,BTC,64964.020000000000,1.000000000000,trade,confirmed,
39bc85d2-886c-4620-8b5b-3fbfbc9559ef,2026-08-09T13:22:33.953Z,sell,perpetual_future,BTC,64963.990000000000,1.000000000000,trade,confirmed,
ef12ea91-71b9-4068-8e5d-7f469c247c95,2026-08-09T13:22:34.978Z,sell,perpetual_future,BTC,64964.070000000000,1.000000000000,trade,confirmed,
d3a32076-e2e7-48ed-98e5-89d73b6a8b40,2026-08-09T13:22:36.020Z,sell,perpetual_future,BTC,64964.120000000000,1.000000000000,trade,confirmed,
6e455038-4bbf-4c57-b2ff-b04e4102d8d6,2026-08-09T13:22:36.901Z,sell,perpetual_future,BTC,64963.950000000000,1.000000000000,trade,confirmed,
02de9822-1c8a-4f22-9b0b-4ffd87327eac,2026-08-09T13:22:38.102Z,sell,perpetual_future,BTC,64962.980000000000,1.000000000000,trade,confirmed,
daf83a24-3608-4eed-beea-2dadb8ef4072,2026-08-09T13:22:39.313Z,sell,perpetual_future,BTC,64963.190000000000,1.000000000000,trade,confirmed,
b59792a8-cdea-45b3-bdcb-d0ebc88e5d07,2026-08-09T13:22:40.426Z,sell,perpetual_future,BTC,64963.540000000000,1.000000000000,trade,confirmed,
901c1e9d-af8d-4706-9cff-eb7d94a71e08,2026-08-09T13:22:41.486685Z,sell,perpetual_future,BTC,64963.440000000000,1.000000000000,trade,confirmed,
c64f472b-c183-46da-8c42-ee4bca10f28d,2026-08-09T13:22:42.551144Z,sell,perpetual_future,BTC,64963.820000000000,1.000000000000,trade,confirmed,
0c9930cb-b5cd-4e78-94bf-ea004801b5eb,2026-08-09T13:22:43.445Z,sell,perpetual_future,BTC,64963.930000000000,1.000000000000,trade,confirmed,
4d143755-7338-474e-bb30-3fc9e863f3f9,2026-08-09T13:22:44.678Z,sell,perpetual_future,BTC,64963.840000000000,1.000000000000,trade,confirmed,
12b605bb-03ba-4d80-af18-aa9f3fd107cc,2026-08-09T13:22:45.737245Z,sell,perpetual_future,BTC,64963.850000000000,1.000000000000,trade,confirmed,
c1286d25-374b-40c8-a882-915fffe9d467,2026-08-09T13:22:46.745Z,sell,perpetual_future,BTC,64963.920000000000,1.000000000000,trade,confirmed,
2bf49f64-93db-4caa-b996-370d07ba719e,2026-08-09T13:22:47.931Z,sell,perpetual_future,BTC,64963.780000000000,1.000000000000,trade,confirmed,
7f734d15-88eb-43f4-a989-54115110227b,2026-08-09T13:22:48.919Z,sell,perpetual_future,BTC,64963.530000000000,1.000000000000,trade,confirmed,
d128ab2d-2cba-4e35-8bf6-c8512f6d4aeb,2026-08-09T14:58:43.093697Z,buy,perpetual_future,BTC,65227.870000000000,1.000000000000,trade,confirmed,
08e31f1e-266e-444a-86b1-9f2c5a4b7631,2026-08-09T14:58:43.737288Z,buy,perpetual_future,BTC,65227.870000000000,1.000000000000,trade,confirmed,
42b9a1e9-6bf9-4b69-bb59-15903bcd8704,2026-08-09T14:58:44.358Z,buy,perpetual_future,BTC,65227.920000000000,1.000000000000,trade,confirmed,
fc943139-72c3-4731-a399-9cd3039791f2,2026-08-09T14:58:45.109Z,buy,perpetual_future,BTC,65228.740000000000,1.000000000000,trade,confirmed,
b52bf550-3ef5-402f-87b6-41ff588ee29e,2026-08-09T14:58:45.857Z,buy,perpetual_future,BTC,65228.740000000000,1.000000000000,trade,confirmed,
d4174a52-a248-494e-8a42-0efe72dac3c0,2026-08-09T14:58:46.601Z,buy,perpetual_future,BTC,65228.860000000000,1.000000000000,trade,confirmed,
19d6280e-8576-4ad5-824f-0117276fa1e3,2026-08-09T14:58:47.461Z,buy,perpetual_future,BTC,65230.910000000000,1.000000000000,trade,confirmed,
b9cc12e2-31f3-46c7-9390-dd5e85a47dc6,2026-08-09T14:58:48.202Z,buy,perpetual_future,BTC,65231.610000000000,1.000000000000,trade,confirmed,
e6d24a57-9a46-4a8b-ab5c-98c99ee5e3a5,2026-08-09T14:58:48.932Z,buy,perpetual_future,BTC,65230.780000000000,1.000000000000,trade,confirmed,
3c1740e7-f643-4136-914b-82d759fab621,2026-08-09T14:58:50.025Z,buy,perpetual_future,BTC,65231.000000000000,1.000000000000,trade,confirmed,
c0c0e36a-e978-46b8-af7c-085462e05dcf,2026-08-09T14:58:56.202Z,buy,perpetual_future,BTC,65223.040000000000,1.000000000000,trade,confirmed,
2bf9aa7c-10e2-4e38-aadc-53ffe6649763,2026-08-09T14:58:56.310Z,buy,perpetual_future,BTC,65223.320000000000,1.000000000000,trade,confirmed,
daffe1f0-25ac-4f64-82bf-3f153d783394,2026-08-09T14:58:56.415Z,buy,perpetual_future,BTC,65223.420000000000,1.000000000000,trade,confirmed,
2d7936fe-5673-4a12-8455-3f21bb4d592a,2026-08-09T14:58:56.537349Z,buy,perpetual_future,BTC,65223.250000000000,1.000000000000,trade,confirmed,
f0c67bbe-7e95-4572-925e-3e7e17c0fffa,2026-08-09T14:58:56.732Z,buy,perpetual_future,BTC,65223.760000000000,1.000000000000,trade,confirmed,
d699bcc1-908a-4bf1-9b8c-f963451d4894,2026-08-09T14:59:32.684Z,sell,perpetual_future,BTC,65192.780000000000,1.000000000000,trade,confirmed,
3a0fbeff-1288-4eb8-87c8-d6ede28ead0b,2026-08-09T14:59:33.942Z,sell,perpetual_future,BTC,65191.970000000000,1.000000000000,trade,confirmed,
5e1e04df-84fc-4486-8da0-a62820ff094b,2026-08-09T14:59:36.698Z,sell,perpetual_future,BTC,65192.940000000000,1.000000000000,trade,confirmed,
55468199-982f-4673-bef8-0c8bb5751918,2026-08-09T14:59:37.358Z,sell,perpetual_future,BTC,65192.850000000000,1.000000000000,trade,confirmed,
ca1a807a-af92-4e02-a967-4bbdd58ceb05,2026-08-09T14:59:38.222Z,sell,perpetual_future,BTC,65192.830000000000,1.000000000000,trade,confirmed,
6f4cc3ec-b95f-4f83-adfa-01f1f0fcc4ce,2026-08-09T14:59:38.860Z,sell,perpetual_future,BTC,65181.430000000000,1.000000000000,trade,confirmed,
d86cdd94-6df9-4489-bd26-dc5122702708,2026-08-09T14:59:39.706Z,sell,perpetual_future,BTC,65181.910000000000,1.000000000000,trade,confirmed,
87e880cb-caa5-4b41-9c8c-45c6ca8c6a03,2026-08-09T14:59:40.657Z,sell,perpetual_future,BTC,65179.510000000000,1.000000000000,trade,confirmed,
c94f82aa-40b6-4bea-a346-e295493cb7e2,2026-08-09T14:59:41.841Z,sell,perpetual_future,BTC,65178.590000000000,1.000000000000,trade,confirmed,
462737b4-c4af-44f6-9ab3-d88485df1546,2026-08-09T14:59:43.793Z,sell,perpetual_future,BTC,65177.530000000000,1.000000000000,trade,confirmed,
8cd1156d-b0e4-406c-bced-3c069207f699,2026-08-09T14:59:45.026Z,sell,perpetual_future,BTC,65179.070000000000,1.000000000000,trade,confirmed,
19dd9664-d969-4b15-8d00-9cbeca6d8507,2026-08-09T14:59:45.721Z,sell,perpetual_future,BTC,65180.680000000000,1.000000000000,trade,confirmed,
b882118b-b244-4cef-912a-c61ff0932e47,2026-08-09T14:59:46.508Z,sell,perpetual_future,BTC,65181.520000000000,1.000000000000,trade,confirmed,
1c588245-9841-4681-88f0-3496cba70134,2026-08-09T14:59:48.097481Z,sell,perpetual_future,BTC,65185.700000000000,1.000000000000,trade,confirmed,
74803f2a-1d5c-4f33-b198-7e9ad834d81a,2026-08-09T14:59:49.049Z,sell,perpetual_future,BTC,65187.650000000000,1.000000000000,trade,confirmed,
10f87fe9-c35a-4a30-add9-8acd7c22ac90,2026-08-08T17:29:10.862Z,buy,perpetual_future,SOL,76.379100000000,600.000000000000,trade,confirmed,
c8be1287-f93a-492c-8ec1-229dfa4220a4,2026-08-08T10:40:38.184Z,buy,perpetual_rwa_future,XAU,4345.670000000000,23.011410000000,trade,confirmed,
b0c9592a-dc3c-4f60-9c9b-30715ab3b0e3,2026-08-08T10:40:40.364Z,buy,perpetual_rwa_future,XAU,4345.670000000000,23.011410000000,trade,confirmed,
9fdc751a-b1b8-4525-95aa-afa2e6a202fe,2026-08-08T10:40:41.235Z,buy,perpetual_rwa_future,XAU,4346.560000000000,23.011410000000,trade,confirmed,
1862a02f-665b-4c8f-983b-ff2c5464eec6,2026-08-08T10:40:42.298Z,buy,perpetual_rwa_future,XAU,4346.660000000000,23.007700000000,trade,confirmed,
00daa348-274b-4f0e-882e-20998fc2fdfd,2026-08-08T10:40:45.482Z,sell,perpetual_rwa_future,XAU,4345.500000000000,23.005950000000,trade,confirmed,
6705553c-c066-47b2-b6cf-9094856f99a6,2026-08-08T10:40:46.533Z,sell,perpetual_rwa_future,XAU,4345.000000000000,23.012310000000,trade,confirmed,
3be97005-b161-47a0-b42f-376acc91c2d9,2026-08-08T10:40:47.491Z,sell,perpetual_rwa_future,XAU,4344.720000000000,23.012310000000,trade,confirmed,
f86bceae-80d7-472d-8325-90a61ecc5adb,2026-08-08T10:40:48.465Z,sell,perpetual_rwa_future,XAU,4344.590000000000,23.014580000000,trade,confirmed,
f79c5dc6-b03d-4354-b6b8-4d4f7b1a176e,2026-08-08T10:42:08.703Z,buy,perpetual_rwa_future,XAU,4345.110000000000,23.014370000000,trade,confirmed,
7f09635d-250f-4feb-86af-f0bda9367c5c,2026-08-08T10:42:09.763Z,buy,perpetual_rwa_future,XAU,4345.760000000000,23.014370000000,trade,confirmed,
7252285f-5a84-4225-817b-757754cc2b58,2026-08-08T10:42:10.513Z,buy,perpetual_rwa_future,XAU,4346.720000000000,23.014370000000,trade,confirmed,
580f16e1-5653-401c-b898-a6699cf5f3d8,2026-08-08T10:42:12.238Z,buy,perpetual_rwa_future,XAU,4346.770000000000,23.010930000000,trade,confirmed,
eb44f431-5e7b-4f30-95ea-6fcae6d743dc,2026-08-08T10:42:12.630Z,buy,perpetual_rwa_future,XAU,4346.800000000000,23.010930000000,trade,confirmed,
89fee26b-ad53-4cca-91a4-cd345ec709f9,2026-08-08T10:42:15.597Z,sell,perpetual_rwa_future,XAU,4345.800000000000,23.006480000000,trade,confirmed,
b3ad9b4e-8146-4f6e-952c-3a9d28e8c789,2026-08-08T10:42:16.043Z,sell,perpetual_rwa_future,XAU,4345.330000000000,23.010720000000,trade,confirmed,
c0659847-0bbb-48b5-a496-a9bd6aa65cd0,2026-08-08T10:42:16.871Z,sell,perpetual_rwa_future,XAU,4344.790000000000,23.013210000000,trade,confirmed,
07241e1a-efa5-4e5b-bd6a-cc9bfa4e97b6,2026-08-08T10:42:18.260Z,sell,perpetual_rwa_future,XAU,4344.630000000000,23.016070000000,trade,confirmed,
1cc59b56-cba1-4ada-855b-ad6571fe4687,2026-08-08T10:42:19.486Z,sell,perpetual_rwa_future,XAU,4344.470000000000,23.016070000000,trade,confirmed,
5a7a86a5-9dc2-4996-875a-db282a5b3ae4,2026-08-08T10:44:57.038Z,buy,perpetual_rwa_future,MU,878.108000000000,5.693500000000,trade,confirmed,
41371ea3-24fa-4cef-9482-eb9bc8e28e52,2026-08-08T10:45:04.334Z,buy,perpetual_rwa_future,MU,877.967000000000,5.694900000000,trade,confirmed,
59f1dbe1-dc5b-4384-b22a-2e58ac554070,2026-08-08T10:45:04.334Z,buy,perpetual_rwa_future,MU,877.967000000000,5.694900000000,trade,confirmed,
be3fb921-dd79-4a8a-b756-d683c3a5ffd2,2026-08-08T10:45:04.334Z,buy,perpetual_rwa_future,MU,877.967000000000,5.694900000000,trade,confirmed,
06aea067-05a8-424f-b427-f6a7f6c67f48,2026-08-08T10:45:33.287Z,buy,perpetual_rwa_future,SNDK,1213.910000000000,4.118850000000,trade,confirmed,
15a472aa-8dd1-4133-acbc-98cc9529731b,2026-08-08T10:45:33.287Z,buy,perpetual_rwa_future,SNDK,1213.910000000000,4.118850000000,trade,confirmed,
f31acceb-d89e-4169-8f5b-d24183dca56b,2026-08-08T10:45:33.287Z,buy,perpetual_rwa_future,SNDK,1213.930000000000,4.118850000000,trade,confirmed,
4d957a60-94bf-422f-b15f-fd1b375a5676,2026-08-08T10:45:35.601Z,buy,perpetual_rwa_future,SNDK,1213.910000000000,4.118920000000,trade,confirmed,
4a05fd70-e098-4903-adc6-549873606faa,2026-08-08T10:47:23.719Z,buy,perpetual_rwa_future,SOXL,140.230000000000,71.317500000000,trade,confirmed,
a0b0f8d3-d029-4e0e-9e52-43e6bee4da12,2026-08-08T10:47:31.857Z,buy,perpetual_rwa_future,DRAM,50.658700000000,197.399000000000,trade,confirmed,
cac2ec7e-8642-48c5-b57e-33f45d09b9e2,2026-08-08T10:49:54.241Z,sell,perpetual_future,OVERTAKE,0.063150000000,7908.000000000000,trade,confirmed,
fedb64e5-2786-4389-9caf-a6e548e5cd20,2026-08-08T11:26:25.794Z,buy,perpetual_rwa_future,SOXL,141.028000000000,70.912400000000,trade,confirmed,
6844a7fa-3a20-4810-ad8a-ab2c098f69da,2026-08-08T03:01:07.758Z,buy,perpetual_future,BTC,64868.270000000000,1.000000000000,trade,confirmed,
0e17a878-0b3e-4afa-871d-3db7f6b65f22,2026-08-08T03:01:08.317Z,buy,perpetual_future,BTC,64870.660000000000,1.000000000000,trade,confirmed,
dea2869b-70f1-484f-8aa5-ffdc4713d416,2026-08-08T03:01:08.962Z,buy,perpetual_future,BTC,64868.580000000000,1.000000000000,trade,confirmed,
a9d03334-44d6-4ee5-9ad1-dc25621159bd,2026-08-08T03:01:09.373Z,buy,perpetual_future,BTC,64868.490000000000,1.000000000000,trade,confirmed,
e187f060-d132-4faf-8440-d222590e9f6a,2026-08-08T03:01:10.037456Z,buy,perpetual_future,BTC,64868.510000000000,1.000000000000,trade,confirmed,
bce9f78b-0ca6-47cf-88a7-ab9d7442e84d,2026-08-08T03:01:10.769Z,buy,perpetual_future,BTC,64869.070000000000,1.000000000000,trade,confirmed,
20384658-baf5-4fb9-ad4f-349279badd4f,2026-08-08T03:01:11.249Z,buy,perpetual_future,BTC,64869.070000000000,1.000000000000,trade,confirmed,
868d8378-0d39-4639-a551-08e281b809ec,2026-08-08T03:01:11.921Z,buy,perpetual_future,BTC,64868.850000000000,1.000000000000,trade,confirmed,
ab9ef606-adcf-4754-8f15-11615a8bc35a,2026-08-08T03:01:12.733Z,buy,perpetual_future,BTC,64868.850000000000,1.000000000000,trade,confirmed,
aa2ed9be-c89c-4f1c-a9f6-dadc8221939a,2026-08-08T03:01:13.516Z,buy,perpetual_future,BTC,64868.740000000000,1.000000000000,trade,confirmed,
aca577e5-f1db-4f77-b076-e825fecaaea3,2026-08-08T03:01:14.473Z,buy,perpetual_future,BTC,64868.540000000000,1.000000000000,trade,confirmed,
17c6d467-d78f-4789-a5d0-2bd9b0ab0a92,2026-08-08T03:01:15.557Z,buy,perpetual_future,BTC,64868.370000000000,1.000000000000,trade,confirmed,
78734f81-2e61-439f-a1ec-bd404ee274cf,2026-08-08T03:01:16.269Z,buy,perpetual_future,BTC,64868.380000000000,1.000000000000,trade,confirmed,
20a09215-47a7-4d69-82ed-dd2b7cc373ee,2026-08-08T03:01:17.642Z,buy,perpetual_future,BTC,64868.360000000000,1.000000000000,trade,confirmed,
826b7f89-7c79-4b9c-8bd3-e265e7b16018,2026-08-08T03:01:18.821Z,buy,perpetual_future,BTC,64868.690000000000,1.000000000000,trade,confirmed,
16a73c96-fa88-41de-a66b-dec3a76b8960,2026-08-08T03:01:19.766Z,buy,perpetual_future,BTC,64868.660000000000,1.000000000000,trade,confirmed,
8d98b8da-f173-4c7c-946a-f95bf10b2555,2026-08-08T03:01:20.872Z,buy,perpetual_future,BTC,64868.630000000000,1.000000000000,trade,confirmed,
e7869479-2782-402c-b44d-94c9f862dd6d,2026-08-08T03:01:21.827Z,buy,perpetual_future,BTC,64868.760000000000,1.000000000000,trade,confirmed,
90608d21-43d7-4bee-b07a-2a38f3e5c121,2026-08-08T03:01:23.054Z,buy,perpetual_future,BTC,64868.500000000000,1.000000000000,trade,confirmed,
d1fc208f-6732-4aaa-9894-167c5deaf978,2026-08-08T03:01:24.025Z,buy,perpetual_future,BTC,64868.490000000000,1.000000000000,trade,confirmed,
fdf623b7-6fb6-476f-96e0-6914dc4775b4,2026-08-08T03:01:26.638Z,sell,perpetual_future,BTC,64860.510000000000,1.000000000000,trade,confirmed,
9ecfe46d-9cac-47c1-9488-3e5ec0aeeccb,2026-08-08T03:01:27.643Z,sell,perpetual_future,BTC,64860.150000000000,1.000000000000,trade,confirmed,
c3f9f4ac-c402-4549-9bbe-c52b18c61c42,2026-08-08T03:01:28.601Z,sell,perpetual_future,BTC,64860.050000000000,1.000000000000,trade,confirmed,
6a3ba29b-56d1-4d7d-bad4-01658194df67,2026-08-08T03:01:29.841Z,sell,perpetual_future,BTC,64859.440000000000,1.000000000000,trade,confirmed,
51dca47a-e779-4d22-a3c1-18e849854518,2026-08-08T03:01:30.794Z,sell,perpetual_future,BTC,64859.970000000000,1.000000000000,trade,confirmed,
3fbe62e7-4834-49b9-9b71-d91e05503a42,2026-08-08T03:01:31.858Z,sell,perpetual_future,BTC,64859.940000000000,1.000000000000,trade,confirmed,
bbab92a9-71b4-4a2d-b6bc-31d3db6da3eb,2026-08-08T03:01:32.816Z,sell,perpetual_future,BTC,64859.810000000000,1.000000000000,trade,confirmed,
9f959310-e357-4bb9-b170-40b69ec7f347,2026-08-08T03:01:33.629Z,sell,perpetual_future,BTC,64860.070000000000,1.000000000000,trade,confirmed,
9f550ab4-5272-4186-b652-3c1223c3264d,2026-08-08T03:01:34.753Z,sell,perpetual_future,BTC,64860.230000000000,1.000000000000,trade,confirmed,
8b9746fa-3bc5-4367-ac67-a8d3862399d2,2026-08-08T03:01:35.717Z,sell,perpetual_future,BTC,64860.240000000000,1.000000000000,trade,confirmed,
8008d22c-d47e-4d03-82ee-b336032c98da,2026-08-08T03:01:36.769Z,sell,perpetual_future,BTC,64860.000000000000,1.000000000000,trade,confirmed,
55140f61-3590-46e3-b067-a02065d912c8,2026-08-08T03:01:37.773Z,sell,perpetual_future,BTC,64860.270000000000,1.000000000000,trade,confirmed,
899bf8ab-397d-41c0-89e2-eff63e4f9d49,2026-08-08T03:01:38.921Z,sell,perpetual_future,BTC,64860.250000000000,1.000000000000,trade,confirmed,
c30f8a1a-5fd2-4852-8203-665cac5dc2f3,2026-08-08T03:01:39.857Z,sell,perpetual_future,BTC,64860.150000000000,1.000000000000,trade,confirmed,
0a88a926-1923-4120-b844-f7414e0f6aa4,2026-08-08T03:01:40.738Z,sell,perpetual_future,BTC,64860.150000000000,1.000000000000,trade,confirmed,
da05cf43-7283-4de5-8f14-f50e0481af89,2026-08-08T03:01:41.657Z,sell,perpetual_future,BTC,64860.390000000000,1.000000000000,trade,confirmed,
4af653d8-efe6-4b77-9140-133198cd96ea,2026-08-08T03:01:42.850Z,sell,perpetual_future,BTC,64859.910000000000,1.000000000000,trade,confirmed,
7d2de995-21e2-4c98-bb14-ad8ba6369deb,2026-08-08T03:01:43.637Z,sell,perpetual_future,BTC,64859.970000000000,1.000000000000,trade,confirmed,
6f1cfb7b-b9e6-4253-8ec5-8914b9292c87,2026-08-08T03:01:44.775Z,sell,perpetual_future,BTC,64859.550000000000,1.000000000000,trade,confirmed,
c3443cb2-21f2-4358-93c3-758193dc6129,2026-08-08T03:01:46.805Z,sell,perpetual_future,BTC,64860.100000000000,1.000000000000,trade,confirmed,
cd9f1262-666e-4e04-a1a9-36b58d20c004,2026-08-08T03:02:25.698Z,buy,perpetual_future,BTC,64868.540000000000,1.000000000000,trade,confirmed,
e61e25ed-92c0-4fef-b2f4-5e54fcde6b30,2026-08-08T03:02:26.677Z,buy,perpetual_future,BTC,64868.610000000000,1.000000000000,trade,confirmed,
4ef17ffb-3142-47c0-bfe6-c0207a43e266,2026-08-08T03:02:27.640Z,buy,perpetual_future,BTC,64868.610000000000,1.000000000000,trade,confirmed,
fd1f7cd8-0178-44dc-9281-5ce53e4cd0c7,2026-08-08T03:02:28.785Z,buy,perpetual_future,BTC,64868.570000000000,1.000000000000,trade,confirmed,
7d541ffe-e93b-4600-93bb-2b69193edd61,2026-08-08T03:02:29.470Z,buy,perpetual_future,BTC,64869.450000000000,1.000000000000,trade,confirmed,
dc81cdb5-27db-44b3-af0a-6db59192b643,2026-08-08T03:02:30.309Z,buy,perpetual_future,BTC,64868.830000000000,1.000000000000,trade,confirmed,
089ba18c-e355-4f7a-a9ce-50b6d051aaea,2026-08-08T03:02:31.364Z,buy,perpetual_future,BTC,64868.900000000000,1.000000000000,trade,confirmed,
ebf1abbc-5b0b-46de-9acb-6c84fff0a368,2026-08-08T03:02:31.950Z,buy,perpetual_future,BTC,64868.700000000000,1.000000000000,trade,confirmed,
7e96a50d-0f75-47e1-8d24-910c2189dd1e,2026-08-08T03:02:32.849Z,buy,perpetual_future,BTC,64868.740000000000,1.000000000000,trade,confirmed,
e9b5a6ec-12af-4798-9614-da0af2c4b735,2026-08-08T03:02:34.005Z,buy,perpetual_future,BTC,64868.640000000000,1.000000000000,trade,confirmed,
18da3a82-abe9-4d00-b092-0bcb5d20a43c,2026-08-08T03:02:36.353Z,sell,perpetual_future,BTC,64860.500000000000,1.000000000000,trade,confirmed,
78cc35f8-0d3e-4efa-9777-2823b70dd874,2026-08-08T03:02:37.417937Z,sell,perpetual_future,BTC,64860.520000000000,1.000000000000,trade,confirmed,
04c2d036-3b56-468a-9ead-d38b0877e675,2026-08-08T03:02:38.133Z,sell,perpetual_future,BTC,64860.410000000000,1.000000000000,trade,confirmed,
329ff19d-0b5e-42c7-9e0b-ea958d0d2ff1,2026-08-08T03:02:39.109Z,sell,perpetual_future,BTC,64860.360000000000,1.000000000000,trade,confirmed,
b043f7bb-7d82-45d5-8c6c-1285b15caab9,2026-08-08T03:02:39.933Z,sell,perpetual_future,BTC,64860.780000000000,1.000000000000,trade,confirmed,
eee24fcf-68fe-48ed-960b-9dd00e484915,2026-08-08T03:02:40.510Z,sell,perpetual_future,BTC,64860.740000000000,1.000000000000,trade,confirmed,
c805e895-8f26-40ba-995d-5807dd83157c,2026-08-08T03:02:41.761Z,sell,perpetual_future,BTC,64860.740000000000,1.000000000000,trade,confirmed,
6ff4768b-5fb0-42ce-8297-95498fd9353f,2026-08-08T03:02:42.573Z,sell,perpetual_future,BTC,64860.590000000000,1.000000000000,trade,confirmed,
77282b1a-1c0d-4bcc-8186-2d7575c39252,2026-08-08T03:02:43.581Z,sell,perpetual_future,BTC,64860.620000000000,1.000000000000,trade,confirmed,
599a1958-4ec2-49f2-99f1-c4ad54c6e57c,2026-08-08T03:02:44.425Z,sell,perpetual_future,BTC,64860.480000000000,1.000000000000,trade,confirmed,
d54ce02d-7838-4775-a5b0-9df81ed11dc6,2026-08-08T03:02:59.706Z,buy,perpetual_future,ETH,1912.360000000000,10.000000000000,trade,confirmed,
135f4e38-e90f-49de-bdb5-d6ded6f0018f,2026-08-08T03:03:00.705Z,buy,perpetual_future,ETH,1912.350000000000,10.000000000000,trade,confirmed,
963f7b33-ec89-4900-b633-bf02e36b7824,2026-08-08T03:03:01.409Z,buy,perpetual_future,ETH,1912.350000000000,10.000000000000,trade,confirmed,
88511b08-62ce-4a0d-9df0-c030434256f0,2026-08-08T03:03:02.662Z,buy,perpetual_future,ETH,1912.340000000000,10.000000000000,trade,confirmed,
545b0105-7ab7-4c9f-a6f1-12813cda90b8,2026-08-08T03:03:03.570Z,buy,perpetual_future,ETH,1912.340000000000,10.000000000000,trade,confirmed,
89df6d84-fb92-4ce4-8929-9ef278df8411,2026-08-08T03:03:04.570Z,buy,perpetual_future,ETH,1912.350000000000,10.000000000000,trade,confirmed,
3f65c02f-c4b6-446e-9256-1d9aced89fff,2026-08-08T03:03:05.434Z,buy,perpetual_future,ETH,1912.340000000000,10.000000000000,trade,confirmed,
288c1d2f-2a31-472e-a960-c8014a7da523,2026-08-08T03:03:06.180Z,buy,perpetual_future,ETH,1912.340000000000,10.000000000000,trade,confirmed,
78cb51c8-dd5b-4e70-96b3-bc03148e28f5,2026-08-08T03:03:06.917453Z,buy,perpetual_future,ETH,1912.340000000000,10.000000000000,trade,confirmed,
bae84883-9bcd-49ba-bc97-cd39a3511b81,2026-08-08T03:03:07.865Z,buy,perpetual_future,ETH,1912.340000000000,10.000000000000,trade,confirmed,
672e243f-1f0c-4e5a-a97f-5332cccc00f9,2026-08-08T03:03:10.046Z,sell,perpetual_future,ETH,1912.040000000000,10.000000000000,trade,confirmed,
326cf94f-b969-400d-9e5f-3c7f0e9c2609,2026-08-08T03:03:11.039Z,sell,perpetual_future,ETH,1912.040000000000,10.000000000000,trade,confirmed,
db4ff958-f3ee-4bf7-b6cf-35a05ef1c2e6,2026-08-08T03:03:12.025Z,sell,perpetual_future,ETH,1912.050000000000,10.000000000000,trade,confirmed,
58a74e62-5405-4cfd-8cf4-a14ebd355fcd,2026-08-08T03:03:12.881Z,sell,perpetual_future,ETH,1912.050000000000,10.000000000000,trade,confirmed,
3be5ad73-ad1c-48bd-9c31-561a387d4247,2026-08-08T03:03:13.837Z,sell,perpetual_future,ETH,1912.030000000000,10.000000000000,trade,confirmed,
8068590a-3a8f-4b8a-8da9-7bf3bcaf3135,2026-08-08T03:03:14.509Z,sell,perpetual_future,ETH,1912.040000000000,10.000000000000,trade,confirmed,
c31f5286-189a-49b7-9503-edaa06618f77,2026-08-08T03:03:15.429Z,sell,perpetual_future,ETH,1912.040000000000,10.000000000000,trade,confirmed,
a00dcfb4-c983-42b9-8ebc-01689242213d,2026-08-08T03:03:16.441Z,sell,perpetual_future,ETH,1912.040000000000,10.000000000000,trade,confirmed,
2fc16ebf-9458-4d26-aa99-4fb65e50ecf1,2026-08-08T03:03:17.078Z,sell,perpetual_future,ETH,1912.040000000000,10.000000000000,trade,confirmed,
3fcf4da9-0bac-4897-ad2a-6a1659f79603,2026-08-08T03:03:18.177Z,sell,perpetual_future,ETH,1912.040000000000,10.000000000000,trade,confirmed,
5e562c9e-9077-4d52-bc01-4c450004819e,2026-08-07T06:49:11.797Z,buy,perpetual_future,BTC,64240.800000000000,1.000000000000,trade,confirmed,
3adc3db4-f821-4f41-8d3a-113fd29cdecd,2026-08-07T06:49:12.435Z,buy,perpetual_future,BTC,64240.800000000000,1.000000000000,trade,confirmed,
aff3393f-9c1b-4095-8c8b-f64e0ed3efde,2026-08-07T06:49:13.074Z,buy,perpetual_future,BTC,64240.090000000000,1.000000000000,trade,confirmed,
f6899ba8-20cb-4a07-a32f-c9a4adbe36a7,2026-08-07T06:49:13.824Z,buy,perpetual_future,BTC,64240.210000000000,1.000000000000,trade,confirmed,
512b1c02-587b-4278-ba89-eaf695d0d63e,2026-08-07T06:49:14.564Z,buy,perpetual_future,BTC,64239.950000000000,1.000000000000,trade,confirmed,
c88a37fc-d28b-4991-b9aa-351db7e9d315,2026-08-07T06:49:15.304Z,buy,perpetual_future,BTC,64240.370000000000,1.000000000000,trade,confirmed,
3e63cf5c-9f96-4349-a8de-38f2082a2420,2026-08-07T06:49:16.001Z,buy,perpetual_future,BTC,64240.480000000000,1.000000000000,trade,confirmed,
ff3a93fd-f33e-43f4-b147-6ebb9dae5153,2026-08-07T06:49:16.701Z,buy,perpetual_future,BTC,64240.690000000000,1.000000000000,trade,confirmed,
91054221-f088-4f3e-9d1c-8d8119e70e6f,2026-08-07T06:49:17.419Z,buy,perpetual_future,BTC,64240.690000000000,1.000000000000,trade,confirmed,
cb8c8cab-f4df-4a43-8b23-34fd9c1360a0,2026-08-07T06:49:18.140Z,buy,perpetual_future,BTC,64240.810000000000,1.000000000000,trade,confirmed,
c8c55d4a-10a0-4ff0-9b38-10deeec627b4,2026-08-07T06:49:19.577353Z,buy,perpetual_future,BTC,64243.110000000000,1.000000000000,trade,confirmed,
92e976c0-258c-4a65-b7fb-7375f060e6e7,2026-08-07T06:49:20.531Z,buy,perpetual_future,BTC,64243.780000000000,1.000000000000,trade,confirmed,
ee806a5d-c277-427a-a477-145098983208,2026-08-07T06:49:21.475Z,buy,perpetual_future,BTC,64243.780000000000,1.000000000000,trade,confirmed,
9233f77b-40fd-4465-9eee-1f149e940b51,2026-08-07T06:49:23.421Z,buy,perpetual_future,BTC,64243.340000000000,1.000000000000,trade,confirmed,
bfa5f03d-4eca-4d86-a1d9-b848a345921c,2026-08-07T06:49:24.482Z,buy,perpetual_future,BTC,64251.380000000000,1.000000000000,trade,confirmed,
932ef6e2-d4f0-4ba9-ae62-a864f0e07879,2026-08-07T06:49:25.685Z,buy,perpetual_future,BTC,64251.130000000000,1.000000000000,trade,confirmed,
5a5df1e1-8f88-4002-91fe-6272d85a8e5b,2026-08-07T06:49:27.024Z,buy,perpetual_future,BTC,64251.050000000000,1.000000000000,trade,confirmed,
66827ffd-8d21-4eb4-86f8-ea620d921116,2026-08-07T06:49:27.983Z,buy,perpetual_future,BTC,64251.370000000000,1.000000000000,trade,confirmed,
4e6a92bd-29bb-42fc-8a1b-10e881cd8f0d,2026-08-07T06:49:29.053Z,buy,perpetual_future,BTC,64250.190000000000,1.000000000000,trade,confirmed,
740bf6cc-8d1b-43e8-8a7e-11f6311198f6,2026-08-07T06:49:30.109Z,buy,perpetual_future,BTC,64250.550000000000,1.000000000000,trade,confirmed,
4622b0d8-d8a0-4bd3-9158-00f7db39b1c2,2026-08-07T06:49:32.465Z,sell,perpetual_future,BTC,64242.280000000000,1.000000000000,trade,confirmed,
6bff7bc9-522d-4dff-912a-561c09316790,2026-08-07T06:49:33.578Z,sell,perpetual_future,BTC,64242.250000000000,1.000000000000,trade,confirmed,
9ea69ef1-6ace-4744-b1dc-f88d4e2367e2,2026-08-07T06:49:34.781Z,sell,perpetual_future,BTC,64242.300000000000,1.000000000000,trade,confirmed,
3a335ef5-937f-4a40-bb4f-68245763d060,2026-08-07T06:49:35.713Z,sell,perpetual_future,BTC,64242.020000000000,1.000000000000,trade,confirmed,
8f98ba41-e579-4bf2-9b67-0097c83c0a3d,2026-08-07T06:49:36.820Z,sell,perpetual_future,BTC,64242.160000000000,1.000000000000,trade,confirmed,
01a1b5e6-edbb-4d81-b88d-542b400e8d36,2026-08-07T06:49:38.313Z,sell,perpetual_future,BTC,64242.200000000000,1.000000000000,trade,confirmed,
dc71a124-1b57-48ce-b0d3-812d3de07a93,2026-08-07T06:49:39.809Z,sell,perpetual_future,BTC,64242.380000000000,1.000000000000,trade,confirmed,
ccd9e631-35f3-476f-a14c-8cdabaa92b3a,2026-08-07T06:49:40.957Z,sell,perpetual_future,BTC,64241.890000000000,1.000000000000,trade,confirmed,
dbafa7b8-bb45-4cfe-a5c5-49cdfa1b7ceb,2026-08-07T06:49:42.046Z,sell,perpetual_future,BTC,64241.570000000000,1.000000000000,trade,confirmed,
fdc93d51-af4a-48be-9cbe-b1996c595dd8,2026-08-07T06:49:43.513Z,sell,perpetual_future,BTC,64241.190000000000,1.000000000000,trade,confirmed,
a723299c-f047-4ebd-9cdc-997210aca838,2026-08-07T06:49:44.598Z,sell,perpetual_future,BTC,64241.320000000000,1.000000000000,trade,confirmed,
06a433c1-4b41-43f3-b818-63812282fde6,2026-08-07T06:49:45.862Z,sell,perpetual_future,BTC,64241.980000000000,1.000000000000,trade,confirmed,
864920de-14ad-4b86-bf7c-203e5453d841,2026-08-07T06:49:47.041Z,sell,perpetual_future,BTC,64242.070000000000,1.000000000000,trade,confirmed,
385e720a-8a30-4408-a8cd-196660d84acc,2026-08-07T06:49:48.225Z,sell,perpetual_future,BTC,64242.320000000000,1.000000000000,trade,confirmed,
d1c4ea87-b4ee-488d-83de-a07e4b0603b4,2026-08-07T06:49:49.276Z,sell,perpetual_future,BTC,64242.150000000000,1.000000000000,trade,confirmed,
9570319d-0460-455b-b275-af5ea8633b26,2026-08-07T06:49:50.449Z,sell,perpetual_future,BTC,64241.680000000000,1.000000000000,trade,confirmed,
d0914443-f65f-48ed-97e1-d1acbca52ecf,2026-08-07T06:49:51.733Z,sell,perpetual_future,BTC,64241.390000000000,1.000000000000,trade,confirmed,
6cc11d61-8a7f-49b1-aa5b-a448ff9217d9,2026-08-07T06:49:52.641Z,sell,perpetual_future,BTC,64241.910000000000,1.000000000000,trade,confirmed,
cc87b639-f91b-48e4-9feb-68eaddcf55c9,2026-08-07T06:49:53.742Z,sell,perpetual_future,BTC,64241.730000000000,1.000000000000,trade,confirmed,
2a8a110c-05f3-4cc0-a37d-51d399f86fc8,2026-08-07T06:49:54.701Z,sell,perpetual_future,BTC,64241.370000000000,1.000000000000,trade,confirmed,
22da5409-a813-476d-965c-e3d096edc643,2026-08-07T06:50:04.573Z,sell,perpetual_rwa_future,XAU,4290.300000000000,11.653680000000,trade,confirmed,
2b05d7be-266d-440e-9af9-974dc4814b9f,2026-08-07T06:50:06.288Z,sell,perpetual_rwa_future,XAU,4290.320000000000,11.654140000000,trade,confirmed,
4c7cd14d-4635-4250-b9b4-33d23fcea70d,2026-08-07T06:50:09.802Z,buy,perpetual_rwa_future,XAU,4292.510000000000,11.650170000000,trade,confirmed,
8cd63d36-1207-4970-8990-d9f4c19ec4c7,2026-08-07T06:50:11.183Z,buy,perpetual_rwa_future,XAU,4293.080000000000,11.648190000000,trade,confirmed,
1be9da4d-fce1-4a5e-ac44-f25222ff2826,2026-08-07T06:53:54.377Z,sell,perpetual_future,OVERTAKE,0.066700000000,7492.000000000000,trade,confirmed,
82bc7695-3e5e-47a9-8d40-16f1622eb95c,2026-08-07T11:08:42.532Z,sell,perpetual_future,OVERTAKE,0.076140000000,6566.000000000000,trade,confirmed,
d0111eb4-ef0f-444a-970f-813c1d571428,2026-08-07T12:38:14.578676Z,buy,perpetual_future,BTC,64995.200000000000,1.000000000000,trade,confirmed,
25c39d9e-814c-4ce0-b87b-e5b80f86d108,2026-08-07T12:38:15.385Z,buy,perpetual_future,BTC,64996.140000000000,1.000000000000,trade,confirmed,
605f7896-5aeb-4c5d-a02d-3e2901f0ab48,2026-08-07T12:38:16.278693Z,buy,perpetual_future,BTC,64995.720000000000,1.000000000000,trade,confirmed,
307ec471-e6b7-4fcf-90f8-2e07ede4cf7d,2026-08-07T12:38:17.658539Z,buy,perpetual_future,BTC,64996.040000000000,1.000000000000,trade,confirmed,
ec4a2720-d261-4a07-bbe7-1d3ba5b5cf56,2026-08-07T12:38:18.418575Z,buy,perpetual_future,BTC,64995.800000000000,1.000000000000,trade,confirmed,
8fe28a61-c87a-4d27-b283-1e8f49738283,2026-08-07T12:38:19.104Z,buy,perpetual_future,BTC,64995.830000000000,1.000000000000,trade,confirmed,
fa33f193-813c-49da-8ebe-b38c10299f00,2026-08-07T12:38:20.009Z,buy,perpetual_future,BTC,64996.110000000000,1.000000000000,trade,confirmed,
f137c4c7-42a8-40fb-8b56-20858d3e6fe0,2026-08-07T12:38:20.737469Z,buy,perpetual_future,BTC,64999.790000000000,1.000000000000,trade,confirmed,
55c5a9ec-fddc-4978-9fd6-0e0a418916ad,2026-08-07T12:38:21.590Z,buy,perpetual_future,BTC,64997.670000000000,1.000000000000,trade,confirmed,
c0456168-f771-473e-934b-b341af2cab0c,2026-08-07T12:38:22.300Z,buy,perpetual_future,BTC,64997.710000000000,1.000000000000,trade,confirmed,
3e536d6f-7dc8-42f8-b6ad-8811f326d469,2026-08-07T12:38:23.413Z,buy,perpetual_future,BTC,64996.930000000000,1.000000000000,trade,confirmed,
d5041acc-577d-4efc-b9b2-9225e2ad2b9c,2026-08-07T12:38:24.269Z,buy,perpetual_future,BTC,64996.790000000000,1.000000000000,trade,confirmed,
48e8c51e-7002-4649-a84f-de40b799748f,2026-08-07T12:38:25.140054Z,buy,perpetual_future,BTC,65002.520000000000,1.000000000000,trade,confirmed,
e7798f3f-8333-4a90-bfc9-1303ef39f757,2026-08-07T12:38:25.997364Z,buy,perpetual_future,BTC,65030.070000000000,1.000000000000,trade,confirmed,
307f162a-5f85-4f28-b1a4-4e0ce00a74dd,2026-08-07T12:38:27.044Z,buy,perpetual_future,BTC,65037.890000000000,1.000000000000,trade,confirmed,
5b52c4d4-3e75-4f8b-9b1a-ab04081cbd08,2026-08-07T12:38:28.018Z,buy,perpetual_future,BTC,65037.100000000000,1.000000000000,trade,confirmed,
3f4028cb-3bfb-4d06-90be-23be6a50b42c,2026-08-07T12:38:28.866Z,buy,perpetual_future,BTC,65037.100000000000,1.000000000000,trade,confirmed,
c446e1be-9abe-4104-8e03-0932793bad34,2026-08-07T12:38:29.936Z,buy,perpetual_future,BTC,65045.670000000000,1.000000000000,trade,confirmed,
7910cfbf-a4af-4c66-adfd-8e04b5786137,2026-08-07T12:38:30.912607Z,buy,perpetual_future,BTC,65054.410000000000,1.000000000000,trade,confirmed,
81fc5912-441d-4019-87f3-0f7d925a9c89,2026-08-07T12:38:31.764Z,buy,perpetual_future,BTC,65059.610000000000,1.000000000000,trade,confirmed,
9f2bc7eb-9062-41a3-959a-e33355c9f398,2026-08-07T12:38:33.366Z,sell,perpetual_future,BTC,65055.280000000000,1.000000000000,trade,confirmed,
284086d4-5572-4758-b4ad-54acb2631d9e,2026-08-07T12:38:34.285Z,sell,perpetual_future,BTC,65057.120000000000,1.000000000000,trade,confirmed,
6afffa80-3c69-4605-a5ef-affbe54d8d8f,2026-08-07T12:38:35.266Z,sell,perpetual_future,BTC,65056.150000000000,1.000000000000,trade,confirmed,
5b79a8c9-ceae-4387-a9aa-5698831a67c7,2026-08-07T12:38:36.134Z,sell,perpetual_future,BTC,65056.130000000000,1.000000000000,trade,confirmed,
fc5cb2ba-1e2b-4c41-9c39-299bbb42eb6f,2026-08-07T12:38:37.088Z,sell,perpetual_future,BTC,65056.180000000000,1.000000000000,trade,confirmed,
bcde2165-9fd6-470b-ab5b-f61240337623,2026-08-07T12:38:38.021Z,sell,perpetual_future,BTC,65055.570000000000,1.000000000000,trade,confirmed,
09a00113-ea39-4b7f-a937-2b30e2a360aa,2026-08-07T12:38:39.122Z,sell,perpetual_future,BTC,65051.170000000000,1.000000000000,trade,confirmed,
4fbb5976-ca8c-4b5e-9cb8-0ec1f301a29e,2026-08-07T12:38:39.965Z,sell,perpetual_future,BTC,65048.300000000000,1.000000000000,trade,confirmed,
e350de07-f6be-46d5-8c42-cb08361720e1,2026-08-07T12:38:41.124Z,sell,perpetual_future,BTC,65052.420000000000,1.000000000000,trade,confirmed,
63956287-9a59-4a78-9690-132bb1515d6e,2026-08-07T12:38:42.106Z,sell,perpetual_future,BTC,65049.950000000000,1.000000000000,trade,confirmed,
158848b6-d9b1-4e3c-834a-677961e26816,2026-08-07T12:38:43.282Z,sell,perpetual_future,BTC,65048.770000000000,1.000000000000,trade,confirmed,
b0d569dd-c3dc-4c89-b7de-5698a291950e,2026-08-07T12:38:44.229Z,sell,perpetual_future,BTC,65045.320000000000,1.000000000000,trade,confirmed,
6f9a4659-5ad0-41a4-859c-77da8575f29a,2026-08-07T12:38:45.174Z,sell,perpetual_future,BTC,65044.860000000000,1.000000000000,trade,confirmed,
c66a6a0a-dce3-4177-9aa7-fc54f2b1fb37,2026-08-07T12:38:46.026Z,sell,perpetual_future,BTC,65045.260000000000,1.000000000000,trade,confirmed,
05588610-a098-4203-aa55-40123937436f,2026-08-07T12:38:47.083Z,sell,perpetual_future,BTC,65046.850000000000,1.000000000000,trade,confirmed,
4ba5e1eb-aad9-43a4-9447-144a1b96c843,2026-08-07T12:38:47.978Z,sell,perpetual_future,BTC,65046.160000000000,1.000000000000,trade,confirmed,
c46db0f4-8de5-4fdb-b723-d63c80aff33c,2026-08-07T12:38:48.951957Z,sell,perpetual_future,BTC,65045.960000000000,1.000000000000,trade,confirmed,
6abf4e6b-adab-4a70-b5c5-0ddc4695db73,2026-08-07T12:38:49.876Z,sell,perpetual_future,BTC,65045.960000000000,1.000000000000,trade,confirmed,
c46e9095-9877-4f07-a5f5-6dec7dff058c,2026-08-07T12:38:52.037365Z,sell,perpetual_future,BTC,65063.220000000000,1.000000000000,trade,confirmed,
dca2ca66-4440-4f0e-a9a9-95acecbb83dd,2026-08-07T12:38:53.231Z,sell,perpetual_future,BTC,65061.450000000000,1.000000000000,trade,confirmed,
80814de3-33d9-4e4d-9b91-e576268ffdd1,2026-08-07T12:54:17.370Z,sell,perpetual_future,BTC,65253.040000000000,1.000000000000,trade,confirmed,
4552f5e3-ac7c-48fb-9f94-0c23c72aa431,2026-08-07T12:54:18.243Z,sell,perpetual_future,BTC,65252.890000000000,1.000000000000,trade,confirmed,
f436592c-626b-4ff7-8afe-d99b6d85fced,2026-08-07T12:54:19.218Z,sell,perpetual_future,BTC,65252.850000000000,1.000000000000,trade,confirmed,
c978f1b6-ea04-42d0-95fa-400569dc9e38,2026-08-07T12:54:20.514Z,sell,perpetual_future,BTC,65252.980000000000,1.000000000000,trade,confirmed,
f2caea33-bfe9-4d76-926d-a48521604907,2026-08-07T12:54:21.690Z,sell,perpetual_future,BTC,65249.990000000000,1.000000000000,trade,confirmed,
17b1b7a9-d392-4545-a6d7-64b6b3737586,2026-08-07T12:54:22.974Z,sell,perpetual_future,BTC,65250.070000000000,1.000000000000,trade,confirmed,
e23cad29-8aca-4b08-91a0-306d05443353,2026-08-07T12:54:23.934Z,sell,perpetual_future,BTC,65251.620000000000,1.000000000000,trade,confirmed,
08e02cba-1513-419c-849e-48365da15f20,2026-08-07T12:54:24.997Z,sell,perpetual_future,BTC,65251.430000000000,1.000000000000,trade,confirmed,
03a97992-a51e-4a2a-b578-a1a5052296ac,2026-08-07T12:54:25.978Z,sell,perpetual_future,BTC,65252.540000000000,1.000000000000,trade,confirmed,
64c48580-e531-409f-b792-8b273947bb88,2026-08-07T12:54:27.057443Z,sell,perpetual_future,BTC,65252.360000000000,1.000000000000,trade,confirmed,
bfbaa53e-cbc4-4ed7-a62f-98a2d9a6d112,2026-08-07T12:54:29.500782Z,buy,perpetual_future,BTC,65263.780000000000,1.000000000000,trade,confirmed,
3a1f6e7f-1ddf-48a4-897e-cc7c3be83d75,2026-08-07T12:54:30.572Z,buy,perpetual_future,BTC,65263.480000000000,1.000000000000,trade,confirmed,
bd5b6ee2-e58d-4b03-8620-f7b24cd5c04c,2026-08-07T12:54:31.633Z,buy,perpetual_future,BTC,65264.590000000000,1.000000000000,trade,confirmed,
d53ae21d-f121-4d93-a487-9efcd0f72056,2026-08-07T12:54:33.058594Z,buy,perpetual_future,BTC,65265.640000000000,1.000000000000,trade,confirmed,
cb6c833f-2d33-4d19-b502-ce920f62d296,2026-08-07T12:54:34.358795Z,buy,perpetual_future,BTC,65263.970000000000,1.000000000000,trade,confirmed,
846661ec-7768-4467-914e-5a3fd992011b,2026-08-07T12:54:35.440Z,buy,perpetual_future,BTC,65266.830000000000,1.000000000000,trade,confirmed,
17592e8e-7303-4ec6-ac46-48855933ace0,2026-08-07T12:54:36.396Z,buy,perpetual_future,BTC,65264.590000000000,1.000000000000,trade,confirmed,
d1aa4e01-78c2-477d-85d0-c35acacd0a17,2026-08-07T12:54:37.788Z,buy,perpetual_future,BTC,65264.200000000000,1.000000000000,trade,confirmed,
6eba630c-6c25-4f50-abc7-570bfa6339d6,2026-08-07T12:54:38.749Z,buy,perpetual_future,BTC,65265.180000000000,1.000000000000,trade,confirmed,
e601334e-ba5b-4089-9608-ecbf4bfdd057,2026-08-07T12:54:39.817409Z,buy,perpetual_future,BTC,65263.190000000000,1.000000000000,trade,confirmed,
455f1c6e-25c5-4f96-a45b-c4b784452803,2026-08-07T12:55:22.965Z,sell,perpetual_future,BTC,65297.620000000000,1.000000000000,trade,confirmed,
482e5f8f-4282-43c2-972e-889053e266b4,2026-08-07T12:55:23.737Z,sell,perpetual_future,BTC,65297.460000000000,1.000000000000,trade,confirmed,
8f128104-1d28-48cf-a168-a54a46fa294b,2026-08-07T12:55:24.785Z,sell,perpetual_future,BTC,65297.820000000000,1.000000000000,trade,confirmed,
30452681-f048-4938-bfb7-ccad78b83ff5,2026-08-07T12:55:25.641Z,sell,perpetual_future,BTC,65297.900000000000,1.000000000000,trade,confirmed,
74a12056-f5f9-4217-a06a-b40a4b6ea4c0,2026-08-07T12:55:26.593Z,sell,perpetual_future,BTC,65297.520000000000,1.000000000000,trade,confirmed,
17452b3c-6104-4e9d-a407-289d1bca2b91,2026-08-07T12:55:27.699549Z,sell,perpetual_future,BTC,65293.320000000000,1.000000000000,trade,confirmed,
b182350f-0ea0-466e-9b44-36fb1a15de56,2026-08-07T12:55:28.662Z,sell,perpetual_future,BTC,65287.700000000000,1.000000000000,trade,confirmed,
76b429cf-4239-4914-be42-cde73b2a3145,2026-08-07T12:55:29.718Z,sell,perpetual_future,BTC,65279.590000000000,1.000000000000,trade,confirmed,
e34e2b16-ee8f-4c30-94df-3ff1b707e59e,2026-08-07T12:55:33.872Z,sell,perpetual_future,BTC,65308.950000000000,1.000000000000,trade,confirmed,
d312e2e9-8c86-4900-9325-d55e28edb1a1,2026-08-07T12:55:34.930Z,sell,perpetual_future,BTC,65310.340000000000,1.000000000000,trade,confirmed,
e2046cae-779a-4de5-92fb-10a770317435,2026-08-07T12:55:38.235Z,buy,perpetual_future,BTC,65321.950000000000,1.000000000000,trade,confirmed,
808d5eac-c32b-48f8-9c20-859232ff344c,2026-08-07T12:55:39.402Z,buy,perpetual_future,BTC,65321.690000000000,1.000000000000,trade,confirmed,
9ddaed40-8a4f-487d-aa4b-3932be10be58,2026-08-07T12:55:40.597Z,buy,perpetual_future,BTC,65322.200000000000,1.000000000000,trade,confirmed,
13500d2d-fb38-40ed-8c9a-8a2f33bd44d4,2026-08-07T12:55:41.980Z,buy,perpetual_future,BTC,65320.620000000000,1.000000000000,trade,confirmed,
c73ad24e-b4f5-4210-8d56-f2f626f37355,2026-08-07T12:55:43.266Z,buy,perpetual_future,BTC,65314.140000000000,1.000000000000,trade,confirmed,
a08b261b-9320-4f9a-bde3-e691f01fd8cd,2026-08-07T12:55:44.337369Z,buy,perpetual_future,BTC,65300.510000000000,1.000000000000,trade,confirmed,
c49403ed-f882-4d8d-8d14-17aabb6395da,2026-08-07T12:55:45.518Z,buy,perpetual_future,BTC,65298.520000000000,1.000000000000,trade,confirmed,
9afdf86a-fb64-4dfc-9005-5577f02f61b8,2026-08-07T12:55:46.798745Z,buy,perpetual_future,BTC,65297.760000000000,1.000000000000,trade,confirmed,
1a40ceac-24d8-4b68-92d5-a436f7812a0b,2026-08-07T12:55:48.080Z,buy,perpetual_future,BTC,65289.480000000000,1.000000000000,trade,confirmed,
4afe1c6d-fb45-4fe5-be04-f81f880738e2,2026-08-07T12:55:49.773Z,buy,perpetual_future,BTC,65287.280000000000,1.000000000000,trade,confirmed,
eb4f1b6e-01db-4d59-bd1e-8512b6b5199a,2026-08-07T13:18:19.968Z,buy,perpetual_future,ETH,1927.910000000000,10.000000000000,trade,confirmed,
d72cd86f-c96b-490f-86ec-5cdd60434da9,2026-08-07T13:18:20.949Z,buy,perpetual_future,ETH,1927.890000000000,10.000000000000,trade,confirmed,
d0e30246-9aeb-4bee-aaa5-181fce4a998c,2026-08-07T13:18:22.102Z,buy,perpetual_future,ETH,1927.900000000000,10.000000000000,trade,confirmed,
30e3b455-bc46-45db-b7b1-3a57eb087953,2026-08-07T13:18:23.289Z,buy,perpetual_future,ETH,1927.860000000000,10.000000000000,trade,confirmed,
66bbe84c-b9bb-4186-9564-756738df4807,2026-08-07T13:18:24.149Z,buy,perpetual_future,ETH,1927.620000000000,10.000000000000,trade,confirmed,
5f67f54f-ae21-44b5-9778-c47628f1f233,2026-08-07T13:18:25.104Z,buy,perpetual_future,ETH,1927.710000000000,10.000000000000,trade,confirmed,
cdc6cfd9-2f2c-4ae7-b5eb-84a16486e738,2026-08-07T13:18:26.070Z,buy,perpetual_future,ETH,1927.730000000000,10.000000000000,trade,confirmed,
22d0226f-52f9-4b79-9388-62f994971894,2026-08-07T13:18:27.138Z,buy,perpetual_future,ETH,1927.670000000000,10.000000000000,trade,confirmed,
aebcef03-dc95-423e-b8de-6a2e073067cf,2026-08-07T13:18:28.133Z,buy,perpetual_future,ETH,1927.650000000000,10.000000000000,trade,confirmed,
5a9c2579-7eb8-491c-bd00-3c818569dbfa,2026-08-07T13:18:29.161Z,buy,perpetual_future,ETH,1927.680000000000,10.000000000000,trade,confirmed,
fd9d8887-7ea8-4ece-b93a-129cb1e692e3,2026-08-07T13:18:31.079Z,buy,perpetual_future,ETH,1927.790000000000,10.000000000000,trade,confirmed,
1c024f0a-8851-4c18-9588-21d93c182841,2026-08-07T13:18:32.149Z,buy,perpetual_future,ETH,1927.710000000000,10.000000000000,trade,confirmed,
5b38e5ea-dd9f-4007-81eb-b2a518a60577,2026-08-07T13:18:33.854Z,buy,perpetual_future,ETH,1927.890000000000,10.000000000000,trade,confirmed,
76ab4b09-d6a8-4c8c-8937-341a7e4b2561,2026-08-07T13:18:34.937407Z,buy,perpetual_future,ETH,1927.940000000000,10.000000000000,trade,confirmed,
89a5579f-ad79-4851-ac57-e2dcdd35ed97,2026-08-07T13:18:36.106Z,buy,perpetual_future,ETH,1927.980000000000,10.000000000000,trade,confirmed,
96875bea-6aad-48a3-9e0a-6e6fc80e8366,2026-08-07T13:18:37.497310Z,buy,perpetual_future,ETH,1928.170000000000,10.000000000000,trade,confirmed,
fcacebf4-6dfe-4282-93a3-cbcad9bb6a8d,2026-08-07T13:18:38.657Z,buy,perpetual_future,ETH,1928.080000000000,10.000000000000,trade,confirmed,
81d12e30-5119-4f5a-a36a-adf11899d3d4,2026-08-07T13:18:39.729Z,buy,perpetual_future,ETH,1928.040000000000,10.000000000000,trade,confirmed,
7fba30d7-60f6-458d-91fb-c1902916bbcb,2026-08-07T13:18:40.929Z,buy,perpetual_future,ETH,1928.010000000000,10.000000000000,trade,confirmed,
c754a981-6f20-4028-aa6f-6216d46818e1,2026-08-07T13:18:41.950Z,buy,perpetual_future,ETH,1928.000000000000,10.000000000000,trade,confirmed,
3466e2bc-138f-44cb-bc5b-48b76d62cc93,2026-08-07T13:18:44.709Z,sell,perpetual_future,ETH,1927.490000000000,10.000000000000,trade,confirmed,
289438b3-f7cc-42da-b4a3-e52e4d50263b,2026-08-07T13:18:45.711811Z,sell,perpetual_future,ETH,1927.490000000000,10.000000000000,trade,confirmed,
7ac2a529-e17e-43b1-b2ba-9d69cfde8d86,2026-08-07T13:18:46.970Z,sell,perpetual_future,ETH,1927.470000000000,10.000000000000,trade,confirmed,
3892dc2a-2238-4394-a02f-ed80fa82c76d,2026-08-07T13:18:48.250Z,sell,perpetual_future,ETH,1927.510000000000,10.000000000000,trade,confirmed,
af3fced1-78a0-46da-ad3e-d1eee51fb0ae,2026-08-07T13:18:49.309Z,sell,perpetual_future,ETH,1927.640000000000,10.000000000000,trade,confirmed,
44be513b-fa53-4c9c-b747-d699ce117d67,2026-08-07T13:18:50.597411Z,sell,perpetual_future,ETH,1927.760000000000,10.000000000000,trade,confirmed,
40165779-350d-476b-9e32-4defd7f59613,2026-08-07T13:18:51.859Z,sell,perpetual_future,ETH,1927.790000000000,10.000000000000,trade,confirmed,
66df6ba5-9835-4e67-a214-ab32c9be5bd4,2026-08-07T13:18:53.352Z,sell,perpetual_future,ETH,1927.850000000000,10.000000000000,trade,confirmed,
c12096c7-3230-421e-94d4-eb65f95914a3,2026-08-07T13:18:54.614Z,sell,perpetual_future,ETH,1927.920000000000,10.000000000000,trade,confirmed,
c9685476-5d9c-45b5-b2fa-26b77327f8d6,2026-08-07T13:18:55.806Z,sell,perpetual_future,ETH,1927.870000000000,10.000000000000,trade,confirmed,
ca9271a8-ac21-46cd-bc3c-7d239ecaccea,2026-08-07T13:18:57.041Z,sell,perpetual_future,ETH,1927.850000000000,10.000000000000,trade,confirmed,
3627c963-58d1-4dc7-bbea-3125b76a363d,2026-08-07T13:18:58.156Z,sell,perpetual_future,ETH,1928.080000000000,10.000000000000,trade,confirmed,
0ac21d7a-9cbb-4e46-a5cf-3a0382d8458d,2026-08-07T13:18:59.239126Z,sell,perpetual_future,ETH,1928.170000000000,10.000000000000,trade,confirmed,
59c702ef-0c3f-4d33-a09c-c2da974b3b4a,2026-08-07T13:19:00.297Z,sell,perpetual_future,ETH,1928.160000000000,10.000000000000,trade,confirmed,
ca3a9d2f-6921-436f-ab69-88a893adac08,2026-08-07T13:19:01.349Z,sell,perpetual_future,ETH,1928.160000000000,10.000000000000,trade,confirmed,
7d9d59b8-37ef-43f9-a5e1-d8f77f1a4f65,2026-08-07T13:19:02.538739Z,sell,perpetual_future,ETH,1928.190000000000,10.000000000000,trade,confirmed,
039412c9-9b7b-4bce-a0bb-89d55708799a,2026-08-07T13:19:03.926457Z,sell,perpetual_future,ETH,1928.290000000000,10.000000000000,trade,confirmed,
8869d5b9-7d4b-4a5c-9934-adec0ebf41c7,2026-08-07T13:19:05.078Z,sell,perpetual_future,ETH,1928.260000000000,10.000000000000,trade,confirmed,
10598293-b32e-4e2a-9193-198febff0446,2026-08-07T13:19:06.170Z,sell,perpetual_future,ETH,1928.140000000000,10.000000000000,trade,confirmed,
61a46f7a-0247-4164-bbb5-0314c251a398,2026-08-07T13:19:07.237461Z,sell,perpetual_future,ETH,1928.120000000000,10.000000000000,trade,confirmed,
d6038c8a-1b2d-4e08-badc-9a2a73c4c825,2026-08-07T13:19:16.211742Z,buy,perpetual_future,ETH,1928.990000000000,10.000000000000,trade,confirmed,
72e1b5d4-357a-4a19-ab0a-72ef70826f02,2026-08-07T13:19:17.284Z,buy,perpetual_future,ETH,1928.930000000000,10.000000000000,trade,confirmed,
b858ccd6-c24f-4c99-a427-2a5972b932be,2026-08-07T13:19:18.132Z,buy,perpetual_future,ETH,1928.940000000000,10.000000000000,trade,confirmed,
969ea018-d452-4131-aa91-f31f05a5ac03,2026-08-07T13:19:18.989Z,buy,perpetual_future,ETH,1929.000000000000,10.000000000000,trade,confirmed,
0e384b21-342f-4158-bbc8-b3675068077b,2026-08-07T13:19:20.047Z,buy,perpetual_future,ETH,1929.190000000000,10.000000000000,trade,confirmed,
db1dd258-8394-4b5b-94c6-807c98f84b35,2026-08-07T13:19:21.025Z,buy,perpetual_future,ETH,1929.190000000000,10.000000000000,trade,confirmed,
b9ccb81e-53a1-4a69-8172-2561548f7216,2026-08-07T13:19:21.877Z,buy,perpetual_future,ETH,1929.200000000000,10.000000000000,trade,confirmed,
84ec3d14-fff7-4261-b07d-8868cff68dba,2026-08-07T13:19:22.829Z,buy,perpetual_future,ETH,1929.180000000000,10.000000000000,trade,confirmed,
9ba6a6a8-0527-4aa9-aae7-20771546a419,2026-08-07T13:19:23.786Z,buy,perpetual_future,ETH,1929.190000000000,10.000000000000,trade,confirmed,
c95f2310-85b1-4837-add8-0a73091b16a9,2026-08-07T13:19:24.953Z,buy,perpetual_future,ETH,1929.220000000000,10.000000000000,trade,confirmed,
d6873eb5-17e5-410b-83b5-f04262d86cd8,2026-08-07T13:19:26.462Z,sell,perpetual_future,ETH,1928.890000000000,10.000000000000,trade,confirmed,
2b6df6a8-6385-4a20-a57e-49053a1d7018,2026-08-07T13:19:27.437291Z,sell,perpetual_future,ETH,1928.690000000000,10.000000000000,trade,confirmed,
e7ebef58-bc1f-462e-b29a-967d14c6b7af,2026-08-07T13:19:28.566Z,sell,perpetual_future,ETH,1928.670000000000,10.000000000000,trade,confirmed,
689a7699-c946-48c0-a29c-dc5336160659,2026-08-07T13:19:29.758Z,sell,perpetual_future,ETH,1928.700000000000,10.000000000000,trade,confirmed,
52319624-5f70-4581-928f-761e88963773,2026-08-07T13:19:30.725Z,sell,perpetual_future,ETH,1928.770000000000,10.000000000000,trade,confirmed,
85172ce3-7593-446a-aca7-112ed8d28458,2026-08-07T13:19:31.698Z,sell,perpetual_future,ETH,1928.870000000000,10.000000000000,trade,confirmed,
c47dcec1-1c3e-4a91-a4d6-7051db1d1219,2026-08-07T13:19:32.877Z,sell,perpetual_future,ETH,1928.800000000000,10.000000000000,trade,confirmed,
96bb767d-8773-4429-9048-e9ed31c897a9,2026-08-07T13:19:33.814Z,sell,perpetual_future,ETH,1928.730000000000,10.000000000000,trade,confirmed,
e3b04af7-a6c0-4824-a646-25c3e8fc50e3,2026-08-07T13:19:34.896Z,sell,perpetual_future,ETH,1928.720000000000,10.000000000000,trade,confirmed,
f62aa24a-6454-4a43-9e77-a7b05c305431,2026-08-07T13:19:36.042Z,sell,perpetual_future,ETH,1928.730000000000,10.000000000000,trade,confirmed,
f473b6f6-5334-4e4e-a86c-b5c65f61e257,2026-08-07T13:22:15.824Z,sell,perpetual_future,OVERTAKE,0.075100000000,6656.000000000000,trade,confirmed,
d9f3be73-2288-4675-b9e1-f5c338f87795,2026-08-06T08:12:16.816Z,sell,perpetual_future,OVERTAKE,0.059250000000,8438.000000000000,trade,confirmed,
619fa6b6-004c-4b46-a17d-5aa9d08e2e13,2026-08-06T08:12:18.800Z,sell,perpetual_future,OVERTAKE,0.059200000000,8438.000000000000,trade,confirmed,
7716f419-3fba-4a5c-a16e-ffa5e58b9a0e,2026-08-06T08:13:59.207Z,sell,perpetual_future,OVERTAKE,0.059510000000,8406.000000000000,trade,confirmed,
38345924-7a89-42f1-8caf-f030b5e7d8e2,2026-08-06T08:14:00.615Z,sell,perpetual_future,OVERTAKE,0.059450000000,8401.000000000000,trade,confirmed,
dd17d02c-3cd6-4043-bd6e-e2fe46f23451,2026-08-06T08:15:32.410Z,sell,perpetual_future,OVERTAKE,0.057910000000,8686.000000000000,trade,confirmed,
6669864f-93d2-4b3b-90c7-eaba73e89536,2026-08-06T08:15:32.991Z,sell,perpetual_future,OVERTAKE,0.057910000000,8658.000000000000,trade,confirmed,
ee479fe9-c5d1-40ec-a003-cd99be26b833,2026-08-06T08:27:49.599Z,sell,perpetual_future,OVERTAKE,0.063450000000,7849.000000000000,trade,confirmed,
83738bbb-bb1a-4c01-8357-4af0928cde3d,2026-08-06T08:27:55.655Z,sell,perpetual_future,OVERTAKE,0.061490000000,8020.000000000000,trade,confirmed,
f3a8ad64-5e50-4eec-9e99-bd154533d8cb,2026-08-06T09:48:53.985Z,sell,perpetual_future,HYPE,55.583600000000,1000.000000000000,trade,confirmed,
c01ca480-9b39-40a5-8d25-c1934fda1f81,2026-08-06T09:49:15.108Z,sell,perpetual_rwa_future,SNDK,1227.870000000000,14.732640000000,trade,confirmed,
9c90b4bc-8a03-42a7-972a-f34962ff147b,2026-08-06T09:49:22.238Z,sell,perpetual_rwa_future,MU,862.088000000000,5.679500000000,trade,confirmed,
1e3ea9ca-af54-481c-800b-0566ae8f7c92,2026-08-06T09:51:01.611Z,sell,perpetual_future,OVERTAKE,0.066270000000,7576.000000000000,trade,confirmed,
c6798dc3-bd04-427a-8828-345ed2cee751,2026-08-06T09:57:18.390Z,sell,perpetual_future,OVERTAKE,0.065470000000,5000.000000000000,trade,confirmed,
e7563c87-129e-4c75-8b9b-4fdcddc629f8,2026-08-05T15:40:32.543Z,buy,perpetual_rwa_future,XAU,4257.690000000000,1.174350000000,trade,confirmed,
c20ecf8e-0c91-445d-b340-af6c427e76e6,2026-08-05T15:40:36.867Z,buy,perpetual_rwa_future,XAU,4257.880000000000,11.743450000000,trade,confirmed,
cc9681b0-c243-4c85-83bb-9381d6eecd8e,2026-08-05T15:40:36.867Z,buy,perpetual_rwa_future,XAU,4257.880000000000,11.742930000000,trade,confirmed,
6e1629cd-84ba-4798-a1f2-44c46de922fa,2026-08-05T15:41:54.042Z,sell,perpetual_future,OVERTAKE,0.046900000000,10640.000000000000,trade,confirmed,
782ef2f4-6b50-47f8-9073-95660b1aed51,2026-08-05T15:41:56.997Z,sell,perpetual_future,OVERTAKE,0.046870000000,10660.000000000000,trade,confirmed,
3861370b-b90d-4681-a1a3-5b15c572ebf6,2026-08-05T15:53:26.269Z,buy,perpetual_future,BTC,64399.870000000000,1.000000000000,trade,confirmed,
fd359f05-34f9-470f-92f6-a359834999b0,2026-08-05T15:53:27.241Z,buy,perpetual_future,BTC,64399.200000000000,1.000000000000,trade,confirmed,
b124cf70-257f-4de7-905f-1ab48e00dbfb,2026-08-05T15:53:28.414Z,buy,perpetual_future,BTC,64385.550000000000,1.000000000000,trade,confirmed,
261709c5-e9c0-4b0c-8a1a-6abea7b6b186,2026-08-05T15:53:29.478Z,buy,perpetual_future,BTC,64381.490000000000,1.000000000000,trade,confirmed,
6a819c77-a8bd-46ea-bda2-b8b72fa9d140,2026-08-05T15:53:30.645Z,buy,perpetual_future,BTC,64376.590000000000,1.000000000000,trade,confirmed,
2ab194dd-5321-4cf2-8240-49db69c87795,2026-08-05T15:53:31.602Z,buy,perpetual_future,BTC,64375.900000000000,1.000000000000,trade,confirmed,
1c5eacc3-3361-432c-8e5a-88f63a681c15,2026-08-05T15:53:32.570Z,buy,perpetual_future,BTC,64371.870000000000,1.000000000000,trade,confirmed,
68c39931-8f7f-48ef-8f2b-1f3add1662c9,2026-08-05T15:53:33.629Z,buy,perpetual_future,BTC,64369.700000000000,1.000000000000,trade,confirmed,
9967252f-f59b-4131-9e23-538c7ee50757,2026-08-05T15:53:34.796Z,buy,perpetual_future,BTC,64369.400000000000,1.000000000000,trade,confirmed,
bd8a4300-1c26-4a8f-bb49-9dcaecb25537,2026-08-05T15:53:35.992Z,buy,perpetual_future,BTC,64367.680000000000,1.000000000000,trade,confirmed,
04da3b3e-bd3a-4b39-9eaa-72f3d7e5332e,2026-08-05T15:53:53.489Z,sell,perpetual_future,BTC,64363.680000000000,1.000000000000,trade,confirmed,
910e95ca-a7ea-4b80-a092-1c0de8f598e9,2026-08-05T15:53:58.733Z,sell,perpetual_future,BTC,64362.840000000000,1.000000000000,trade,confirmed,
b0f5ca9f-b6d3-4346-929d-e85d1e45725c,2026-08-05T15:54:18.537Z,sell,perpetual_future,BTC,64358.720000000000,1.000000000000,trade,confirmed,
e265baaa-7868-4db4-bbbe-9fe190deb57d,2026-08-05T15:54:19.710Z,sell,perpetual_future,BTC,64359.770000000000,1.000000000000,trade,confirmed,
a4ee8e55-afe6-443b-9e1f-05974676751c,2026-08-05T15:54:21.505Z,sell,perpetual_future,BTC,64359.720000000000,1.000000000000,trade,confirmed,
c28a416e-7e2d-4140-870f-8fdb81818bcf,2026-08-05T15:54:22.470Z,sell,perpetual_future,BTC,64359.120000000000,1.000000000000,trade,confirmed,
96735d6c-2b82-4412-abad-a3a0fdd4c2d6,2026-08-05T15:54:23.540Z,sell,perpetual_future,BTC,64350.460000000000,1.000000000000,trade,confirmed,
00e08fe2-06e9-4a28-bf8c-98a8bb938dd9,2026-08-05T15:54:24.915Z,sell,perpetual_future,BTC,64346.720000000000,1.000000000000,trade,confirmed,
9ba74d01-5300-458e-86ca-dbfd7f5943ed,2026-08-05T15:54:25.865Z,sell,perpetual_future,BTC,64346.740000000000,1.000000000000,trade,confirmed,
54636ed2-ab69-4059-a63d-38d66166ba0a,2026-08-05T15:54:27.247Z,sell,perpetual_future,BTC,64348.400000000000,1.000000000000,trade,confirmed,
97855867-54c3-46b6-8d59-45367013e861,2026-08-05T15:56:00.294Z,buy,perpetual_future,BTC,64367.220000000000,1.000000000000,trade,confirmed,
5e3eec5a-8589-40dd-b754-23283213fef8,2026-08-05T15:56:01.138Z,buy,perpetual_future,BTC,64365.390000000000,1.000000000000,trade,confirmed,
41b47641-22b3-406a-a89d-274d5bac71fb,2026-08-05T15:56:01.877420Z,buy,perpetual_future,BTC,64357.500000000000,1.000000000000,trade,confirmed,
7f1cd8b0-8163-4b37-ac6f-87cef72b4a50,2026-08-05T15:56:02.913Z,buy,perpetual_future,BTC,64357.430000000000,1.000000000000,trade,confirmed,
f14ea1d3-f2c2-40dc-bebc-4efbc70dc990,2026-08-05T15:56:04.009Z,buy,perpetual_future,BTC,64357.410000000000,1.000000000000,trade,confirmed,
a8846e38-dd36-4c78-9824-588fb4c68ec1,2026-08-05T15:56:04.960Z,buy,perpetual_future,BTC,64357.550000000000,1.000000000000,trade,confirmed,
43a448dc-1c18-452e-9b49-2a5a8d37502c,2026-08-05T15:56:06.021Z,buy,perpetual_future,BTC,64356.110000000000,1.000000000000,trade,confirmed,
81156938-e4f2-4978-a865-c2379aef5611,2026-08-05T15:56:07.061Z,buy,perpetual_future,BTC,64356.210000000000,1.000000000000,trade,confirmed,
f18b55c8-07a5-4e78-b328-f2ecbf14475f,2026-08-05T15:56:08.273Z,buy,perpetual_future,BTC,64356.630000000000,1.000000000000,trade,confirmed,
ae6438fc-be3d-4ab2-8926-52c4e4695abf,2026-08-05T15:56:09.329Z,buy,perpetual_future,BTC,64356.180000000000,1.000000000000,trade,confirmed,
1aa4dc8b-e28b-42e6-919b-4312f8d365dc,2026-08-05T15:56:12.197729Z,sell,perpetual_future,BTC,64347.660000000000,1.000000000000,trade,confirmed,
a8ef2500-eeb8-4891-a158-d052cea8cb8a,2026-08-05T15:56:13.362Z,sell,perpetual_future,BTC,64340.600000000000,1.000000000000,trade,confirmed,
b3e9e58d-4ce7-4384-8399-88b712f071b4,2026-08-05T15:56:14.302Z,sell,perpetual_future,BTC,64343.660000000000,1.000000000000,trade,confirmed,
17ec52a7-fced-4dc7-89e7-96f49919713b,2026-08-05T15:56:15.617284Z,sell,perpetual_future,BTC,64344.670000000000,1.000000000000,trade,confirmed,
8d04836d-f2d8-43b5-8f64-60cada27f13e,2026-08-05T15:56:16.549Z,sell,perpetual_future,BTC,64344.760000000000,1.000000000000,trade,confirmed,
6edc5c96-86fc-4ec0-b415-109c88df17f7,2026-08-05T15:56:17.621Z,sell,perpetual_future,BTC,64342.590000000000,1.000000000000,trade,confirmed,
44367396-8d2c-48ec-baba-db01f64ebca6,2026-08-05T15:56:18.701Z,sell,perpetual_future,BTC,64343.800000000000,1.000000000000,trade,confirmed,
2bff7472-56cb-40f0-bbd7-36304b79ceee,2026-08-05T15:56:19.761Z,sell,perpetual_future,BTC,64343.910000000000,1.000000000000,trade,confirmed,
099f0f80-556a-4b64-8307-929b6ae63c73,2026-08-05T15:56:20.925Z,sell,perpetual_future,BTC,64345.150000000000,1.000000000000,trade,confirmed,
e6672bbf-6de2-4ad8-a674-b8fbec2d5bc1,2026-08-05T15:56:22.110Z,sell,perpetual_future,BTC,64316.570000000000,1.000000000000,trade,confirmed,
4b27c1a1-3511-44c2-8474-ecc9aa3f2e57,2026-08-06T00:39:02.662Z,buy,perpetual_rwa_future,SNDK,1239.960000000000,11.194020000000,trade,confirmed,
6799f3ad-19f1-4e30-a647-2f5f74810e71,2026-08-06T03:08:18.469Z,buy,perpetual_future,BTC,64450.120000000000,1.000000000000,trade,confirmed,
dbf7e425-cc64-4c85-aa9f-67ff7590f5aa,2026-08-06T03:08:19.306Z,buy,perpetual_future,BTC,64449.390000000000,1.000000000000,trade,confirmed,
73a42209-19d9-4535-80b7-5d31881d8cdf,2026-08-06T03:08:20.202Z,buy,perpetual_future,BTC,64449.380000000000,1.000000000000,trade,confirmed,
7a263fbc-004a-4e5b-a3c4-52ac10f1139c,2026-08-06T03:08:21.270001Z,buy,perpetual_future,BTC,64449.340000000000,1.000000000000,trade,confirmed,
a83ab426-c0e9-45ad-afa6-a498c4670aad,2026-08-06T03:08:22.113Z,buy,perpetual_future,BTC,64449.480000000000,1.000000000000,trade,confirmed,
c6ecf6a2-e11b-423e-9ad1-449f45c452fe,2026-08-06T03:08:23.042Z,buy,perpetual_future,BTC,64449.480000000000,1.000000000000,trade,confirmed,
a7f82b8e-658e-4856-9b95-b5546bd13d8f,2026-08-06T03:08:23.985Z,buy,perpetual_future,BTC,64448.870000000000,1.000000000000,trade,confirmed,
785a3f95-f7ef-475c-99d5-19e3204bcaf1,2026-08-06T03:08:25.082Z,buy,perpetual_future,BTC,64450.390000000000,1.000000000000,trade,confirmed,
3ff47ae6-f0ad-47c7-8767-d231c61584b6,2026-08-06T03:08:25.857Z,buy,perpetual_future,BTC,64454.440000000000,1.000000000000,trade,confirmed,
1e37292e-de81-4cb4-a22f-26ffe2c5e893,2026-08-06T03:08:26.913Z,buy,perpetual_future,BTC,64453.650000000000,1.000000000000,trade,confirmed,
de203fe7-6bb4-43aa-96e3-43de427c860b,2026-08-06T03:08:28.053Z,buy,perpetual_future,BTC,64452.050000000000,1.000000000000,trade,confirmed,
66c52b32-85e4-4c91-b40c-faeeaabdd98f,2026-08-06T03:08:29.049Z,buy,perpetual_future,BTC,64454.360000000000,1.000000000000,trade,confirmed,
3fc684a0-f6cf-4895-a364-c964e7524aab,2026-08-06T03:08:30.018Z,buy,perpetual_future,BTC,64455.740000000000,1.000000000000,trade,confirmed,
12778303-8782-4a13-8c89-4dd2eecf6cfc,2026-08-06T03:08:31.406Z,buy,perpetual_future,BTC,64458.560000000000,1.000000000000,trade,confirmed,
0fc56fba-f409-4a3d-9dd3-32b4f6d787b3,2026-08-06T03:08:32.197Z,buy,perpetual_future,BTC,64459.150000000000,1.000000000000,trade,confirmed,
88a5bd24-54d7-4d4d-92bc-4d8a176e63e3,2026-08-06T03:08:33.520Z,buy,perpetual_future,BTC,64467.640000000000,1.000000000000,trade,confirmed,
59f383e6-0d70-4f47-bdef-451296da9c6f,2026-08-06T03:08:34.697419Z,buy,perpetual_future,BTC,64471.330000000000,1.000000000000,trade,confirmed,
89f62c34-e8b2-4014-b0a0-20c7e4a8852b,2026-08-06T03:08:35.313Z,buy,perpetual_future,BTC,64470.990000000000,1.000000000000,trade,confirmed,
0e9cff84-f221-49db-9c7d-7cf21d6fc299,2026-08-06T03:08:36.617Z,buy,perpetual_future,BTC,64471.800000000000,1.000000000000,trade,confirmed,
9e6df63f-8bb5-4f6b-9088-75a7df5f8e0d,2026-08-06T03:08:37.661Z,buy,perpetual_future,BTC,64471.810000000000,1.000000000000,trade,confirmed,
84da51ff-204c-4b7d-93b2-2ff7bc94fe47,2026-08-06T03:08:39.372Z,sell,perpetual_future,BTC,64463.240000000000,1.000000000000,trade,confirmed,
ba29542a-f999-466f-95e4-f77e3b4cb565,2026-08-06T03:08:40.429Z,sell,perpetual_future,BTC,64463.680000000000,1.000000000000,trade,confirmed,
5614e6b5-92ff-4488-a4ea-03960d4fed89,2026-08-06T03:08:41.286Z,sell,perpetual_future,BTC,64463.860000000000,1.000000000000,trade,confirmed,
c9113302-01ab-48ed-8ec2-b87ea45af8aa,2026-08-06T03:08:41.905Z,sell,perpetual_future,BTC,64464.810000000000,1.000000000000,trade,confirmed,
1add83f0-b571-4a77-aa85-404af96890ec,2026-08-06T03:08:43.162Z,sell,perpetual_future,BTC,64464.690000000000,1.000000000000,trade,confirmed,
a2e78af7-59ce-4207-9377-e1af9c6568dd,2026-08-06T03:08:44.154Z,sell,perpetual_future,BTC,64461.890000000000,1.000000000000,trade,confirmed,
4bc81765-2d8d-41de-ae96-59ffd2fc3164,2026-08-06T03:08:44.889Z,sell,perpetual_future,BTC,64462.520000000000,1.000000000000,trade,confirmed,
ab8263bc-19d7-4500-a371-5b28ba11b97b,2026-08-06T03:08:45.761Z,sell,perpetual_future,BTC,64461.920000000000,1.000000000000,trade,confirmed,
38e1add3-e831-4ed8-8e2c-a8389cc1c13c,2026-08-06T03:08:46.813Z,sell,perpetual_future,BTC,64461.550000000000,1.000000000000,trade,confirmed,
625403db-7a13-4595-a0d6-9d5710a82f8a,2026-08-06T03:08:47.711Z,sell,perpetual_future,BTC,64457.540000000000,1.000000000000,trade,confirmed,
c3283d42-eccf-4b33-8b36-c931f3b8a705,2026-08-06T03:08:48.677Z,sell,perpetual_future,BTC,64457.400000000000,1.000000000000,trade,confirmed,
4a526555-8992-4f61-a900-d4d7cf3ed81a,2026-08-06T03:08:50.622Z,sell,perpetual_future,BTC,64457.140000000000,1.000000000000,trade,confirmed,
907714f7-9e6c-4f00-ae06-07b735c7e462,2026-08-06T03:08:51.677Z,sell,perpetual_future,BTC,64457.290000000000,1.000000000000,trade,confirmed,
1edb2122-3432-42f6-8aae-b8b83d1868d4,2026-08-06T03:08:52.790Z,sell,perpetual_future,BTC,64455.670000000000,1.000000000000,trade,confirmed,
6f6385dc-6f25-45f2-a162-b6e2ec89914f,2026-08-06T03:08:54.089Z,sell,perpetual_future,BTC,64455.550000000000,1.000000000000,trade,confirmed,
834c2cdd-360c-4d60-95c2-a0220973d0f9,2026-08-06T03:08:55.057Z,sell,perpetual_future,BTC,64455.340000000000,1.000000000000,trade,confirmed,
c199bb1d-0e20-4bcf-b803-a3b74d62f569,2026-08-06T03:08:56.240Z,sell,perpetual_future,BTC,64451.450000000000,1.000000000000,trade,confirmed,
5b73a90b-4c0a-48f5-9851-29f582fe065f,2026-08-06T03:08:57.473Z,sell,perpetual_future,BTC,64451.330000000000,1.000000000000,trade,confirmed,
0b010060-5fb9-4eb9-9d03-d3671b685871,2026-08-06T03:08:58.477Z,sell,perpetual_future,BTC,64451.780000000000,1.000000000000,trade,confirmed,
ce8aefae-98be-4428-9e1e-9c5b4b4d9262,2026-08-06T03:08:59.514Z,sell,perpetual_future,BTC,64452.580000000000,1.000000000000,trade,confirmed,
e9fff5d5-31ce-4f2c-b2e3-adcc847a1662,2026-08-05T05:46:57.870Z,sell,perpetual_future,OVERTAKE,0.049670000000,10064.000000000000,trade,confirmed,
5330fb1f-8892-413e-9a7f-db2c9171a0e9,2026-08-05T05:47:00.746Z,sell,perpetual_future,OVERTAKE,0.049530000000,10076.000000000000,trade,confirmed,
238ed209-6db0-4cb5-b4ef-45d30fc0fc14,2026-08-05T05:59:23.920Z,buy,perpetual_future,BTC,64301.730000000000,1.000000000000,trade,confirmed,
09554b39-91bd-42df-aae8-28365e63a9e5,2026-08-05T05:59:24.754Z,buy,perpetual_future,BTC,64301.990000000000,1.000000000000,trade,confirmed,
6efb6d78-9214-4b68-8040-0678448a0167,2026-08-05T05:59:25.406Z,buy,perpetual_future,BTC,64302.030000000000,1.000000000000,trade,confirmed,
fbdbd6d8-d9f5-4fbb-8ceb-6088732085eb,2026-08-05T05:59:26.356Z,buy,perpetual_future,BTC,64301.980000000000,1.000000000000,trade,confirmed,
72071668-1248-4d1b-821e-5e11710a2925,2026-08-05T05:59:27.416Z,buy,perpetual_future,BTC,64302.190000000000,1.000000000000,trade,confirmed,
3fa2d495-8985-4289-8ff1-44049ea69653,2026-08-05T05:59:28.288Z,buy,perpetual_future,BTC,64302.390000000000,1.000000000000,trade,confirmed,
cb40695a-dd9d-42f3-bc61-ec0c51570fa5,2026-08-05T05:59:29.124Z,buy,perpetual_future,BTC,64302.310000000000,1.000000000000,trade,confirmed,
bc3076a5-81be-441e-8350-de741514604b,2026-08-05T05:59:30.106Z,buy,perpetual_future,BTC,64302.230000000000,1.000000000000,trade,confirmed,
7ba46caa-3577-4625-baf9-1357ae5af84f,2026-08-05T05:59:31.170Z,buy,perpetual_future,BTC,64302.180000000000,1.000000000000,trade,confirmed,
59fbd65c-5d67-4933-a429-3408bf345876,2026-08-05T05:59:32.343496Z,buy,perpetual_future,BTC,64303.620000000000,1.000000000000,trade,confirmed,
3e6c833f-a6f1-48d2-be5e-a6728b502c60,2026-08-05T05:59:35.717460Z,sell,perpetual_future,BTC,64296.520000000000,1.000000000000,trade,confirmed,
16165c71-7b4a-4b42-98a7-417f0de4c52f,2026-08-05T05:59:36.686Z,sell,perpetual_future,BTC,64296.560000000000,1.000000000000,trade,confirmed,
7fe07b83-10cb-4c3c-9bc7-736e4535b16d,2026-08-05T05:59:37.634Z,sell,perpetual_future,BTC,64296.540000000000,1.000000000000,trade,confirmed,
aa3935f6-13ee-4e0e-a703-021d171b1d60,2026-08-05T05:59:38.704Z,sell,perpetual_future,BTC,64296.680000000000,1.000000000000,trade,confirmed,
abbc6f58-18d9-4e26-a663-f2a2f7d5d478,2026-08-05T05:59:39.876Z,sell,perpetual_future,BTC,64296.280000000000,1.000000000000,trade,confirmed,
3605f67f-979e-43eb-92a7-d7817250c4b9,2026-08-05T05:59:41.070Z,sell,perpetual_future,BTC,64296.280000000000,1.000000000000,trade,confirmed,
88d37c74-0b4e-46aa-bacd-f24c967d1317,2026-08-05T05:59:41.888Z,sell,perpetual_future,BTC,64296.340000000000,1.000000000000,trade,confirmed,
1ec79898-da53-432f-b6fc-cf383f8d3bec,2026-08-05T05:59:42.876Z,sell,perpetual_future,BTC,64296.230000000000,1.000000000000,trade,confirmed,
417546ea-3a85-446f-bd0a-6470ad5706aa,2026-08-05T05:59:43.820Z,sell,perpetual_future,BTC,64296.360000000000,1.000000000000,trade,confirmed,
bbde7a99-ef8f-41a1-b39d-9130b9c30210,2026-08-05T05:59:45.052Z,sell,perpetual_future,BTC,64296.750000000000,1.000000000000,trade,confirmed,
c6a81f5b-3245-4c59-bece-c52e58b46a4b,2026-08-05T07:08:58.217Z,buy,perpetual_future,BTC,64160.250000000000,1.000000000000,trade,confirmed,
2ed06d37-f44b-4484-85d2-faec0d845b89,2026-08-05T07:08:59.186Z,buy,perpetual_future,BTC,64159.850000000000,1.000000000000,trade,confirmed,
5702a894-24b7-48e3-8683-071a91357115,2026-08-05T07:09:00.056Z,buy,perpetual_future,BTC,64160.080000000000,1.000000000000,trade,confirmed,
f2457e3f-0626-431c-a08e-25b9c3ff3f11,2026-08-05T07:09:00.916Z,buy,perpetual_future,BTC,64160.050000000000,1.000000000000,trade,confirmed,
59ac696f-f292-4192-a851-a92546bb8be7,2026-08-05T07:09:01.864Z,buy,perpetual_future,BTC,64160.150000000000,1.000000000000,trade,confirmed,
a2565456-2fb9-4283-8e4a-a1e293105f59,2026-08-05T07:09:02.932Z,buy,perpetual_future,BTC,64160.160000000000,1.000000000000,trade,confirmed,
86136294-7278-4dbf-8007-c5fc221262d6,2026-08-05T07:09:03.986Z,buy,perpetual_future,BTC,64161.520000000000,1.000000000000,trade,confirmed,
a8d6ab6a-b3a5-4fc9-a022-715835356b92,2026-08-05T07:09:05.057287Z,buy,perpetual_future,BTC,64161.240000000000,1.000000000000,trade,confirmed,
fd05b409-5a39-4993-97c4-126af42b5bf0,2026-08-05T07:09:05.996Z,buy,perpetual_future,BTC,64160.960000000000,1.000000000000,trade,confirmed,
2b5eb2e9-4cc0-4c69-a890-0ea7dd138819,2026-08-05T07:09:06.981Z,buy,perpetual_future,BTC,64160.660000000000,1.000000000000,trade,confirmed,
a7bffe4c-6d69-433c-89a9-b5e4814d9387,2026-08-05T07:09:08.460Z,sell,perpetual_future,BTC,64151.780000000000,1.000000000000,trade,confirmed,
9935f8bc-4200-46a5-b453-54c1108b4887,2026-08-05T07:09:09.276Z,sell,perpetual_future,BTC,64151.870000000000,1.000000000000,trade,confirmed,
96e593bd-a0c6-47fa-8bb6-dc6451b04fe9,2026-08-05T07:09:10.276Z,sell,perpetual_future,BTC,64151.660000000000,1.000000000000,trade,confirmed,
0dd92c24-b3ab-48c4-abc6-5ae8f3182428,2026-08-05T07:09:11.236Z,sell,perpetual_future,BTC,64151.500000000000,1.000000000000,trade,confirmed,
118ef11c-01ee-450b-bf20-4fda20312266,2026-08-05T07:09:12.404Z,sell,perpetual_future,BTC,64151.680000000000,1.000000000000,trade,confirmed,
3d951dcc-3cc4-4d71-8c3c-0a474b4295bb,2026-08-05T07:09:13.489Z,sell,perpetual_future,BTC,64151.250000000000,1.000000000000,trade,confirmed,
d7524a9c-855e-40e2-b71b-9118ba216504,2026-08-05T07:09:14.316Z,sell,perpetual_future,BTC,64146.610000000000,1.000000000000,trade,confirmed,
a5e258e5-9f76-4bd6-9c51-73083db40db8,2026-08-05T07:09:14.997436Z,sell,perpetual_future,BTC,64140.200000000000,1.000000000000,trade,confirmed,
e3480611-496d-4f9c-abfb-7d98de91610b,2026-08-05T07:09:16.160Z,sell,perpetual_future,BTC,64140.110000000000,1.000000000000,trade,confirmed,
414795df-6c35-4ec4-b2bf-c3bdceaa8ce4,2026-08-05T07:09:17.218450Z,sell,perpetual_future,BTC,64134.730000000000,1.000000000000,trade,confirmed,
76f47ad1-7cd5-405a-9842-771ffa7cc5d2,2026-08-05T07:09:25.612Z,buy,perpetual_future,ETH,1865.490000000000,10.000000000000,trade,confirmed,
ceb4c912-33c3-4741-8eee-480dac88bb31,2026-08-05T07:09:26.578Z,buy,perpetual_future,ETH,1865.490000000000,10.000000000000,trade,confirmed,
dddf8174-2c6e-4868-aa5b-955dda760815,2026-08-05T07:09:27.606Z,buy,perpetual_future,ETH,1865.480000000000,10.000000000000,trade,confirmed,
08c1fc56-f595-4549-a368-ecf83576b210,2026-08-05T07:09:28.725Z,buy,perpetual_future,ETH,1865.480000000000,10.000000000000,trade,confirmed,
0e7db4f9-ca9c-4571-9b3a-4af576192eb9,2026-08-05T07:09:30.004Z,buy,perpetual_future,ETH,1865.500000000000,10.000000000000,trade,confirmed,
7c45c016-be64-4ab4-be70-7bb27a694bea,2026-08-05T07:31:00.172Z,buy,perpetual_future,BTC,63986.740000000000,1.000000000000,trade,confirmed,
07b2efdc-de78-4e5e-9623-ef8a24bafcc0,2026-08-05T07:31:00.797603Z,buy,perpetual_future,BTC,63987.700000000000,1.000000000000,trade,confirmed,
9980125b-cc61-4e73-91b0-7dfd7f50d515,2026-08-05T07:31:01.436Z,buy,perpetual_future,BTC,63988.030000000000,1.000000000000,trade,confirmed,
a8eca6bf-529d-4b3a-a1f6-ed95ec7cef85,2026-08-05T07:31:02.194Z,buy,perpetual_future,BTC,63987.870000000000,1.000000000000,trade,confirmed,
800336ad-677f-4ea8-a098-2ac540432619,2026-08-05T07:31:03.032Z,buy,perpetual_future,BTC,63988.040000000000,1.000000000000,trade,confirmed,
d8448239-9dc9-46ec-bace-7ca6263653d6,2026-08-05T07:31:03.760Z,buy,perpetual_future,BTC,63988.040000000000,1.000000000000,trade,confirmed,
4135811f-930c-4c84-826a-868a41804b2e,2026-08-05T07:31:07.744Z,buy,perpetual_future,BTC,63987.970000000000,1.000000000000,trade,confirmed,
addf1172-926d-4ac7-bdf7-e783b3e7eb58,2026-08-05T07:31:08.708Z,buy,perpetual_future,BTC,63987.750000000000,1.000000000000,trade,confirmed,
4a32d709-ac62-499e-8ad0-d4356ea379a5,2026-08-05T07:31:09.454Z,buy,perpetual_future,BTC,63987.830000000000,1.000000000000,trade,confirmed,
b9bda8de-166e-4eeb-977b-df0d9a1d6435,2026-08-05T07:31:10.188Z,buy,perpetual_future,BTC,63987.760000000000,1.000000000000,trade,confirmed,
27abf531-4088-4ac4-9607-63c91d49184f,2026-08-05T07:31:12.220Z,sell,perpetual_future,BTC,63979.910000000000,1.000000000000,trade,confirmed,
d34fcf42-7a8e-4001-91ea-259e883b8686,2026-08-05T07:31:13.170Z,sell,perpetual_future,BTC,63979.980000000000,1.000000000000,trade,confirmed,
23456514-4a3f-41c6-ab08-0b0bf41e9fd0,2026-08-05T07:31:14.148Z,sell,perpetual_future,BTC,63979.970000000000,1.000000000000,trade,confirmed,
fb40e0e3-a382-451b-a7b2-329fa4684c88,2026-08-05T07:31:14.884Z,sell,perpetual_future,BTC,63980.130000000000,1.000000000000,trade,confirmed,
33f1ff11-87f4-463e-8165-652ed57f2393,2026-08-05T07:31:15.812Z,sell,perpetual_future,BTC,63979.790000000000,1.000000000000,trade,confirmed,
cebf936a-e774-42a4-a659-e31911dd110e,2026-08-05T07:31:16.800Z,sell,perpetual_future,BTC,63979.620000000000,1.000000000000,trade,confirmed,
024f9abb-bc82-4f49-b4e4-1888e03f594b,2026-08-05T07:31:17.776Z,sell,perpetual_future,BTC,63979.590000000000,1.000000000000,trade,confirmed,
2aa3e522-542a-404d-91f8-09f812ec0e7b,2026-08-05T07:31:18.539423Z,sell,perpetual_future,BTC,63980.040000000000,1.000000000000,trade,confirmed,
f6f6c6f3-2b29-41a3-8013-299fa3a8e115,2026-08-05T07:31:19.372Z,sell,perpetual_future,BTC,63977.700000000000,1.000000000000,trade,confirmed,
216cfe2e-e5eb-487d-b6cc-68b6b20d1030,2026-08-05T07:31:20.356Z,sell,perpetual_future,BTC,63976.280000000000,1.000000000000,trade,confirmed,
29276d8f-c04c-4071-bff3-74e2b45becf6,2026-08-05T07:44:03.061Z,sell,perpetual_future,OVERTAKE,0.043020000000,11595.000000000000,trade,confirmed,
23d9d625-7b80-43b3-8f99-938e366624d9,2026-08-05T07:44:03.786Z,sell,perpetual_future,OVERTAKE,0.042990000000,11622.000000000000,trade,confirmed,
f7d506e3-eb46-4562-b95b-ecdff4faee2e,2026-08-05T08:30:06.466Z,buy,perpetual_rwa_future,MU,880.402000000000,5.679500000000,trade,confirmed,
9efdca72-012e-4cfb-bd80-2652b4dd4a81,2026-08-05T08:30:13.776Z,buy,perpetual_rwa_future,SNDK,1412.940000000000,3.538620000000,trade,confirmed,
4a87e3d0-7a39-4b29-81a3-e17f864ceb88,2026-08-05T01:25:27.434Z,sell,perpetual_rwa_future,EWY,168.912000000000,29.597100000000,trade,confirmed,
09ac7215-4367-4395-8976-d6b409f67641,2026-08-05T01:25:32.792Z,sell,perpetual_rwa_future,EWY,168.909000000000,29.602900000000,trade,confirmed,
fc3459a8-333c-4e94-8e30-34e417f0567c,2026-08-05T01:27:11.418Z,sell,perpetual_rwa_future,EWY,168.811000000000,36.039900000000,trade,confirmed,
c1b69f28-514c-4d26-a733-356150704a29,2026-08-04T04:52:42.249Z,buy,perpetual_future,BTC,64059.840000000000,5.000000000000,trade,confirmed,
1421af2d-a1f4-4fc2-8f2f-8ecb360e7ecc,2026-08-01T17:30:36.463Z,buy,perpetual_rwa_future,EWY,157.548000000000,95.239900000000,trade,confirmed,
8051a053-e5da-4778-9a0a-1062e09b4829,2026-07-31T01:43:01.172Z,buy,perpetual_future,ETH,1919.320000000000,30.000000000000,trade,confirmed,
31129713-e9d8-4604-9143-50adc644d815,2026-07-31T01:43:36.754Z,sell,perpetual_future,BTC,64787.830000000000,1.000000000000,trade,confirmed,
877c2395-8cda-432a-94ca-302757a8e398,2026-07-31T01:43:39.170Z,sell,perpetual_future,BTC,64780.160000000000,1.000000000000,trade,confirmed,
45b05e09-06b8-4978-9233-0d2bb8d1d197,2026-07-31T01:43:41.772Z,sell,perpetual_future,BTC,64772.330000000000,1.000000000000,trade,confirmed,
